# This file uses meters as units for non-parametric coordinates.

mtllib Land.mtl
g default
v -196.264520 -0.231222 204.807933
v -176.638068 -0.231222 204.807933
v -157.011616 -0.231222 204.807933
v -137.385164 -0.231222 204.807933
v -117.758712 -0.231222 204.807933
v -98.132260 -0.231222 204.807933
v -78.505808 -0.231222 204.807933
v -58.879356 -0.231222 204.807933
v -39.252904 -0.231222 204.807933
v -19.626452 -0.231222 204.807933
v 0.000000 -0.231222 204.807933
v 19.626452 -0.231222 204.807933
v 39.252904 -0.231222 204.807933
v 58.879356 -0.231222 204.807933
v 78.505808 -0.231222 204.807933
v 98.132260 -0.231222 204.807933
v 117.758712 -0.231222 204.807933
v 137.385164 -0.231222 204.807933
v 157.011616 -0.231222 204.807933
v 176.638068 -0.231222 204.807933
v 196.264520 -0.231222 204.807933
v -196.264520 75.701697 204.807933
v -176.638068 75.701697 204.807933
v -157.011616 75.701697 204.807933
v -137.385164 21.348107 204.807933
v -117.758712 21.348107 204.807933
v -98.132260 21.348107 204.807933
v -78.505808 21.348107 204.807933
v -58.879356 21.348107 204.807933
v -39.252904 21.348107 204.807933
v -19.626452 21.348107 204.807933
v 0.000000 21.348107 204.807933
v 19.626452 21.348107 204.807933
v 39.252904 21.348107 204.807933
v 58.879356 21.348107 204.807933
v 78.505808 21.348107 204.807933
v 98.132260 21.348107 204.807933
v 117.758712 21.348107 204.807933
v 137.385164 21.348107 204.807933
v 157.011616 75.701697 204.807933
v 176.638068 75.701697 204.807933
v 196.264520 75.701697 204.807933
v -196.264520 97.281030 204.807933
v -176.638068 97.281030 204.807933
v -157.011616 97.281030 204.807933
v -137.385164 42.927436 204.807933
v -117.758712 42.927436 204.807933
v -98.132260 42.927436 204.807933
v -78.505808 42.927436 204.807933
v -58.879356 42.927436 204.807933
v -39.252904 42.927436 204.807933
v -19.626452 42.927436 204.807933
v 0.000000 42.927436 204.807933
v 19.626452 42.927436 204.807933
v 39.252904 42.927436 204.807933
v 58.879356 42.927436 204.807933
v 78.505808 42.927436 204.807933
v 98.132260 42.927436 204.807933
v 117.758712 42.927436 204.807933
v 137.385164 42.927436 204.807933
v 157.011616 97.281030 204.807933
v 176.638068 97.281030 204.807933
v 196.264520 97.281030 204.807933
v -196.264520 97.281030 184.327140
v -176.638068 97.281030 184.327140
v -157.011616 97.281030 184.327140
v -137.385164 42.927436 184.327140
v -117.758712 42.927436 184.327140
v -98.132260 42.927436 184.327140
v -78.505808 42.927436 184.327140
v -58.879356 42.927436 184.327140
v -39.252904 42.927436 184.327140
v -19.626452 42.927436 184.327140
v 0.000000 42.927436 184.327140
v 19.626452 42.927436 184.327140
v 39.252904 42.927436 184.327140
v 58.879356 42.927436 184.327140
v 78.505808 42.927436 184.327140
v 98.132260 42.927436 184.327140
v 117.758712 42.927436 184.327140
v 137.385164 42.927436 184.327140
v 157.011616 97.281030 184.327140
v 176.638068 97.281030 184.327140
v 196.264520 97.281030 184.327140
v -196.264520 97.281030 163.846346
v -176.638068 97.281030 163.846346
v -157.011616 97.281030 163.846346
v -137.385164 42.927436 163.846346
v -117.758712 42.927436 163.846346
v -98.132260 42.927436 163.846346
v -78.505808 42.927436 163.846346
v -58.879356 42.927436 163.846346
v -39.252904 42.927436 163.846346
v -19.626452 42.927436 163.846346
v 0.000000 42.927436 163.846346
v 19.626452 42.927436 163.846346
v 39.252904 42.927436 163.846346
v 58.879356 42.927436 163.846346
v 78.505808 42.927436 163.846346
v 98.132260 42.927436 163.846346
v 117.758712 42.927436 163.846346
v 137.385164 42.927436 163.846346
v 157.011616 97.281030 163.846346
v 176.638068 97.281030 163.846346
v 196.264520 97.281030 163.846346
v -196.264520 97.281030 143.365553
v -176.638068 97.281030 143.365553
v -157.011616 97.281030 143.365553
v -137.385164 42.927436 143.365553
v -117.758712 42.927436 143.365553
v -98.132260 42.927436 143.365553
v -78.505808 42.927436 143.365553
v -58.879356 42.927436 143.365553
v -39.252904 42.927436 143.365553
v -19.626452 42.927436 143.365553
v 0.000000 42.927436 143.365553
v 19.626452 42.927436 143.365553
v 39.252904 42.927436 143.365553
v 58.879356 42.927436 143.365553
v 78.505808 42.927436 143.365553
v 98.132260 42.927436 143.365553
v 117.758712 42.927436 143.365553
v 137.385164 42.927436 143.365553
v 157.011616 97.281030 143.365553
v 176.638068 97.281030 143.365553
v 196.264520 97.281030 143.365553
v -196.264520 97.281030 122.884760
v -176.638068 97.281030 122.884760
v -157.011616 97.281030 122.884760
v -137.385164 42.927436 122.884760
v -117.758712 42.927436 122.884760
v -98.132260 42.927436 122.884760
v -78.505808 42.927436 122.884760
v -58.879356 42.927436 122.884760
v -39.252904 42.927436 122.884760
v -19.626452 42.927436 122.884760
v 0.000000 42.927436 122.884760
v 19.626452 42.927436 122.884760
v 39.252904 42.927436 122.884760
v 58.879356 42.927436 122.884760
v 78.505808 42.927436 122.884760
v 98.132260 42.927436 122.884760
v 117.758712 42.927436 122.884760
v 137.385164 42.927436 122.884760
v 157.011616 97.281030 122.884760
v 176.638068 97.281030 122.884760
v 196.264520 97.281030 122.884760
v -196.264520 97.281030 102.403966
v -176.638068 97.281030 102.403966
v -157.011616 97.281030 102.403966
v -137.385164 42.927436 102.403966
v -117.758712 42.927436 102.403966
v -98.132260 42.927436 102.403966
v -78.505808 42.927436 102.403966
v -58.879356 42.927436 102.403966
v -39.252904 42.927436 102.403966
v -19.626452 42.927436 102.403966
v 0.000000 42.927436 102.403966
v 19.626452 42.927436 102.403966
v 39.252904 42.927436 102.403966
v 58.879356 42.927436 102.403966
v 78.505808 42.927436 102.403966
v 98.132260 42.927436 102.403966
v 117.758712 42.927436 102.403966
v 137.385164 42.927436 102.403966
v 157.011616 97.281030 102.403966
v 176.638068 97.281030 102.403966
v 196.264520 97.281030 102.403966
v -196.264520 97.281030 81.923173
v -176.638068 97.281030 81.923173
v -157.011616 97.281030 81.923173
v -137.385164 42.927436 81.923173
v -117.758712 42.927436 81.923173
v -98.132260 42.927436 81.923173
v -78.505808 42.927436 81.923173
v -58.879356 42.927436 81.923173
v -39.252904 42.927436 81.923173
v -19.626452 42.927436 81.923173
v 0.000000 42.927436 81.923173
v 19.626452 42.927436 81.923173
v 39.252904 42.927436 81.923173
v 58.879356 42.927436 81.923173
v 78.505808 42.927436 81.923173
v 98.132260 42.927436 81.923173
v 117.758712 42.927436 81.923173
v 137.385164 42.927436 81.923173
v 157.011616 97.281030 81.923173
v 176.638068 97.281030 81.923173
v 196.264520 97.281030 81.923173
v -196.264520 97.281030 61.442380
v -176.638068 97.281030 61.442380
v -157.011616 97.281030 61.442380
v -137.385164 42.927436 61.442380
v -117.758712 42.927436 61.442380
v -98.132260 42.927436 61.442380
v -78.505808 42.927436 61.442380
v -58.879356 42.927436 61.442380
v -39.252904 42.927436 61.442380
v -19.626452 42.927436 61.442380
v 0.000000 42.927436 61.442380
v 19.626452 42.927436 61.442380
v 39.252904 42.927436 61.442380
v 58.879356 42.927436 61.442380
v 78.505808 42.927436 61.442380
v 98.132260 42.927436 61.442380
v 117.758712 42.927436 61.442380
v 137.385164 42.927436 61.442380
v 157.011616 97.281030 61.442380
v 176.638068 97.281030 61.442380
v 196.264520 97.281030 61.442380
v -196.264520 97.281030 40.961587
v -176.638068 97.281030 40.961587
v -157.011616 97.281030 40.961587
v -137.385164 42.927436 40.961587
v -117.758712 42.927436 40.961587
v -98.132260 42.927436 40.961587
v -78.505808 42.927436 40.961587
v -58.879356 42.927436 40.961587
v -39.252904 42.927436 40.961587
v -19.626452 42.927436 40.961587
v 0.000000 42.927436 40.961587
v 19.626452 42.927436 40.961587
v 39.252904 42.927436 40.961587
v 58.879356 42.927436 40.961587
v 78.505808 42.927436 40.961587
v 98.132260 42.927436 40.961587
v 117.758712 42.927436 40.961587
v 137.385164 42.927436 40.961587
v 157.011616 97.281030 40.961587
v 176.638068 97.281030 40.961587
v 196.264520 97.281030 40.961587
v -196.264520 97.281030 20.480793
v -176.638068 97.281030 20.480793
v -157.011616 97.281030 20.480793
v -137.385164 42.927436 20.480793
v -117.758712 42.927436 20.480793
v -98.132260 42.927436 20.480793
v -78.505808 42.927436 20.480793
v -58.879356 42.927436 20.480793
v -39.252904 42.927436 20.480793
v -19.626452 42.927436 20.480793
v 0.000000 42.927436 20.480793
v 19.626452 42.927436 20.480793
v 39.252904 42.927436 20.480793
v 58.879356 42.927436 20.480793
v 78.505808 42.927436 20.480793
v 98.132260 42.927436 20.480793
v 117.758712 42.927436 20.480793
v 137.385164 42.927436 20.480793
v 157.011616 97.281030 20.480793
v 176.638068 97.281030 20.480793
v 196.264520 97.281030 20.480793
v -196.264520 97.281030 0.000000
v -176.638068 97.281030 0.000000
v -157.011616 97.281030 0.000000
v -137.385164 42.927436 0.000000
v -117.758712 42.927436 0.000000
v -98.132260 42.927436 0.000000
v -78.505808 42.927436 0.000000
v -58.879356 42.927436 0.000000
v -39.252904 42.927436 0.000000
v -19.626452 42.927436 0.000000
v 0.000000 42.927436 0.000000
v 19.626452 42.927436 0.000000
v 39.252904 42.927436 0.000000
v 58.879356 42.927436 0.000000
v 78.505808 42.927436 0.000000
v 98.132260 42.927436 0.000000
v 117.758712 42.927436 0.000000
v 137.385164 42.927436 0.000000
v 157.011616 97.281030 0.000000
v 176.638068 97.281030 0.000000
v 196.264520 97.281030 0.000000
v -196.264520 97.281030 -20.480793
v -176.638068 97.281030 -20.480793
v -157.011616 97.281030 -20.480793
v -137.385164 42.927436 -20.480793
v -117.758712 42.927436 -20.480793
v -98.132260 42.927436 -20.480793
v -78.505808 42.927436 -20.480793
v -58.879356 42.927436 -20.480793
v -39.252904 42.927436 -20.480793
v -19.626452 42.927436 -20.480793
v 0.000000 42.927436 -20.480793
v 19.626452 42.927436 -20.480793
v 39.252904 42.927436 -20.480793
v 58.879356 42.927436 -20.480793
v 78.505808 42.927436 -20.480793
v 98.132260 42.927436 -20.480793
v 117.758712 42.927436 -20.480793
v 137.385164 42.927436 -20.480793
v 157.011616 97.281030 -20.480793
v 176.638068 97.281030 -20.480793
v 196.264520 97.281030 -20.480793
v -196.264520 97.281030 -40.961587
v -176.638068 97.281030 -40.961587
v -157.011616 97.281030 -40.961587
v -137.385164 42.927436 -40.961587
v -117.758712 42.927436 -40.961587
v -98.132260 42.927436 -40.961587
v -78.505808 42.927436 -40.961587
v -58.879356 42.927436 -40.961587
v -39.252904 42.927436 -40.961587
v -19.626452 42.927436 -40.961587
v 0.000000 42.927436 -40.961587
v 19.626452 42.927436 -40.961587
v 39.252904 42.927436 -40.961587
v 58.879356 42.927436 -40.961587
v 78.505808 42.927436 -40.961587
v 98.132260 42.927436 -40.961587
v 117.758712 42.927436 -40.961587
v 137.385164 42.927436 -40.961587
v 157.011616 97.281030 -40.961587
v 176.638068 97.281030 -40.961587
v 196.264520 97.281030 -40.961587
v -196.264520 97.281030 -61.442380
v -176.638068 97.281030 -61.442380
v -157.011616 97.281030 -61.442380
v -137.385164 42.927436 -61.442380
v -117.758712 42.927436 -61.442380
v -98.132260 42.927436 -61.442380
v -78.505808 42.927436 -61.442380
v -58.879356 42.927436 -61.442380
v -39.252904 42.927436 -61.442380
v -19.626452 42.927436 -61.442380
v 0.000000 42.927436 -61.442380
v 19.626452 42.927436 -61.442380
v 39.252904 42.927436 -61.442380
v 58.879356 42.927436 -61.442380
v 78.505808 42.927436 -61.442380
v 98.132260 42.927436 -61.442380
v 117.758712 42.927436 -61.442380
v 137.385164 42.927436 -61.442380
v 157.011616 97.281030 -61.442380
v 176.638068 97.281030 -61.442380
v 196.264520 97.281030 -61.442380
v -196.264520 97.281030 -81.923173
v -176.638068 97.281030 -81.923173
v -157.011616 97.281030 -81.923173
v -137.385164 42.927436 -81.923173
v -117.758712 42.927436 -81.923173
v -98.132260 42.927436 -81.923173
v -78.505808 42.927436 -81.923173
v -58.879356 42.927436 -81.923173
v -39.252904 42.927436 -81.923173
v -19.626452 42.927436 -81.923173
v 0.000000 42.927436 -81.923173
v 19.626452 42.927436 -81.923173
v 39.252904 42.927436 -81.923173
v 58.879356 42.927436 -81.923173
v 78.505808 42.927436 -81.923173
v 98.132260 42.927436 -81.923173
v 117.758712 42.927436 -81.923173
v 137.385164 42.927436 -81.923173
v 157.011616 97.281030 -81.923173
v 176.638068 97.281030 -81.923173
v 196.264520 97.281030 -81.923173
v -196.264520 97.281030 -102.403966
v -176.638068 97.281030 -102.403966
v -157.011616 97.281030 -102.403966
v -137.385164 42.927436 -102.403966
v -117.758712 42.927436 -102.403966
v -98.132260 42.927436 -102.403966
v -78.505808 42.927436 -102.403966
v -58.879356 42.927436 -102.403966
v -39.252904 42.927436 -102.403966
v -19.626452 42.927436 -102.403966
v 0.000000 42.927436 -102.403966
v 19.626452 42.927436 -102.403966
v 39.252904 42.927436 -102.403966
v 58.879356 42.927436 -102.403966
v 78.505808 42.927436 -102.403966
v 98.132260 42.927436 -102.403966
v 117.758712 42.927436 -102.403966
v 137.385164 42.927436 -102.403966
v 157.011616 97.281030 -102.403966
v 176.638068 97.281030 -102.403966
v 196.264520 97.281030 -102.403966
v -196.264520 97.281030 -122.884760
v -176.638068 97.281030 -122.884760
v -157.011616 97.281030 -122.884760
v -137.385164 42.927436 -122.884760
v -117.758712 42.927436 -122.884760
v -98.132260 42.927436 -122.884760
v -78.505808 42.927436 -122.884760
v -58.879356 42.927436 -122.884760
v -39.252904 42.927436 -122.884760
v -19.626452 42.927436 -122.884760
v 0.000000 42.927436 -122.884760
v 19.626452 42.927436 -122.884760
v 39.252904 42.927436 -122.884760
v 58.879356 42.927436 -122.884760
v 78.505808 42.927436 -122.884760
v 98.132260 42.927436 -122.884760
v 117.758712 42.927436 -122.884760
v 137.385164 42.927436 -122.884760
v 157.011616 97.281030 -122.884760
v 176.638068 97.281030 -122.884760
v 196.264520 97.281030 -122.884760
v -196.264520 97.281030 -143.365553
v -176.638068 97.281030 -143.365553
v -157.011616 97.281030 -143.365553
v -137.385164 42.927436 -143.365553
v -117.758712 42.927436 -143.365553
v -98.132260 42.927436 -143.365553
v -78.505808 42.927436 -143.365553
v -58.879356 42.927436 -143.365553
v -39.252904 42.927436 -143.365553
v -19.626452 42.927436 -143.365553
v 0.000000 42.927436 -143.365553
v 19.626452 42.927436 -143.365553
v 39.252904 42.927436 -143.365553
v 58.879356 42.927436 -143.365553
v 78.505808 42.927436 -143.365553
v 98.132260 42.927436 -143.365553
v 117.758712 42.927436 -143.365553
v 137.385164 42.927436 -143.365553
v 157.011616 97.281030 -143.365553
v 176.638068 97.281030 -143.365553
v 196.264520 97.281030 -143.365553
v -196.264520 97.281030 -163.846346
v -176.638068 97.281030 -163.846346
v -157.011616 97.281030 -163.846346
v -137.385164 42.927436 -163.846346
v -117.758712 42.927436 -163.846346
v -98.132260 42.927436 -163.846346
v -78.505808 42.927436 -163.846346
v -58.879356 42.927436 -163.846346
v -39.252904 42.927436 -163.846346
v -19.626452 42.927436 -163.846346
v 0.000000 42.927436 -163.846346
v 19.626452 42.927436 -163.846346
v 39.252904 42.927436 -163.846346
v 58.879356 42.927436 -163.846346
v 78.505808 42.927436 -163.846346
v 98.132260 42.927436 -163.846346
v 117.758712 42.927436 -163.846346
v 137.385164 42.927436 -163.846346
v 157.011616 97.281030 -163.846346
v 176.638068 97.281030 -163.846346
v 196.264520 97.281030 -163.846346
v -196.264520 97.281030 -184.327140
v -176.638068 97.281030 -184.327140
v -157.011616 97.281030 -184.327140
v -137.385164 42.927436 -184.327140
v -117.758712 42.927436 -184.327140
v -98.132260 42.927436 -184.327140
v -78.505808 42.927436 -184.327140
v -58.879356 42.927436 -184.327140
v -39.252904 42.927436 -184.327140
v -19.626452 42.927436 -184.327140
v 0.000000 42.927436 -184.327140
v 19.626452 42.927436 -184.327140
v 39.252904 42.927436 -184.327140
v 58.879356 42.927436 -184.327140
v 78.505808 42.927436 -184.327140
v 98.132260 42.927436 -184.327140
v 117.758712 42.927436 -184.327140
v 137.385164 42.927436 -184.327140
v 157.011616 97.281030 -184.327140
v 176.638068 97.281030 -184.327140
v 196.264520 97.281030 -184.327140
v -196.264520 97.281030 -204.807933
v -176.638068 97.281030 -204.807933
v -157.011616 97.281030 -204.807933
v -137.385164 42.927436 -204.807933
v -117.758712 42.927436 -204.807933
v -98.132260 42.927436 -204.807933
v -78.505808 42.927436 -204.807933
v -58.879356 42.927436 -204.807933
v -39.252904 42.927436 -204.807933
v -19.626452 42.927436 -204.807933
v 0.000000 42.927436 -204.807933
v 19.626452 42.927436 -204.807933
v 39.252904 42.927436 -204.807933
v 58.879356 42.927436 -204.807933
v 78.505808 42.927436 -204.807933
v 98.132260 42.927436 -204.807933
v 117.758712 42.927436 -204.807933
v 137.385164 42.927436 -204.807933
v 157.011616 97.281030 -204.807933
v 176.638068 97.281030 -204.807933
v 196.264520 97.281030 -204.807933
v -196.264520 75.701697 -204.807933
v -176.638068 75.701697 -204.807933
v -157.011616 75.701697 -204.807933
v -137.385164 21.348107 -204.807933
v -117.758712 21.348107 -204.807933
v -98.132260 21.348107 -204.807933
v -78.505808 21.348107 -204.807933
v -58.879356 21.348107 -204.807933
v -39.252904 21.348107 -204.807933
v -19.626452 21.348107 -204.807933
v 0.000000 21.348107 -204.807933
v 19.626452 21.348107 -204.807933
v 39.252904 21.348107 -204.807933
v 58.879356 21.348107 -204.807933
v 78.505808 21.348107 -204.807933
v 98.132260 21.348107 -204.807933
v 117.758712 21.348107 -204.807933
v 137.385164 21.348107 -204.807933
v 157.011616 75.701697 -204.807933
v 176.638068 75.701697 -204.807933
v 196.264520 75.701697 -204.807933
v -196.264520 -0.231222 -204.807933
v -176.638068 -0.231222 -204.807933
v -157.011616 -0.231222 -204.807933
v -137.385164 -0.231222 -204.807933
v -117.758712 -0.231222 -204.807933
v -98.132260 -0.231222 -204.807933
v -78.505808 -0.231222 -204.807933
v -58.879356 -0.231222 -204.807933
v -39.252904 -0.231222 -204.807933
v -19.626452 -0.231222 -204.807933
v 0.000000 -0.231222 -204.807933
v 19.626452 -0.231222 -204.807933
v 39.252904 -0.231222 -204.807933
v 58.879356 -0.231222 -204.807933
v 78.505808 -0.231222 -204.807933
v 98.132260 -0.231222 -204.807933
v 117.758712 -0.231222 -204.807933
v 137.385164 -0.231222 -204.807933
v 157.011616 -0.231222 -204.807933
v 176.638068 -0.231222 -204.807933
v 196.264520 -0.231222 -204.807933
v -196.264520 -0.231222 -184.327140
v -176.638068 -0.231222 -184.327140
v -157.011616 -0.231222 -184.327140
v -137.385164 -0.231222 -184.327140
v -117.758712 -0.231222 -184.327140
v -98.132260 -0.231222 -184.327140
v -78.505808 -0.231222 -184.327140
v -58.879356 -0.231222 -184.327140
v -39.252904 -0.231222 -184.327140
v -19.626452 -0.231222 -184.327140
v 0.000000 -0.231222 -184.327140
v 19.626452 -0.231222 -184.327140
v 39.252904 -0.231222 -184.327140
v 58.879356 -0.231222 -184.327140
v 78.505808 -0.231222 -184.327140
v 98.132260 -0.231222 -184.327140
v 117.758712 -0.231222 -184.327140
v 137.385164 -0.231222 -184.327140
v 157.011616 -0.231222 -184.327140
v 176.638068 -0.231222 -184.327140
v 196.264520 -0.231222 -184.327140
v -196.264520 -0.231222 -163.846346
v -176.638068 -0.231222 -163.846346
v -157.011616 -0.231222 -163.846346
v -137.385164 -0.231222 -163.846346
v -117.758712 -0.231222 -163.846346
v -98.132260 -0.231222 -163.846346
v -78.505808 -0.231222 -163.846346
v -58.879356 -0.231222 -163.846346
v -39.252904 -0.231222 -163.846346
v -19.626452 -0.231222 -163.846346
v 0.000000 -0.231222 -163.846346
v 19.626452 -0.231222 -163.846346
v 39.252904 -0.231222 -163.846346
v 58.879356 -0.231222 -163.846346
v 78.505808 -0.231222 -163.846346
v 98.132260 -0.231222 -163.846346
v 117.758712 -0.231222 -163.846346
v 137.385164 -0.231222 -163.846346
v 157.011616 -0.231222 -163.846346
v 176.638068 -0.231222 -163.846346
v 196.264520 -0.231222 -163.846346
v -196.264520 -0.231222 -143.365553
v -176.638068 -0.231222 -143.365553
v -157.011616 -0.231222 -143.365553
v -137.385164 -0.231222 -143.365553
v -117.758712 -0.231222 -143.365553
v -98.132260 -0.231222 -143.365553
v -78.505808 -0.231222 -143.365553
v -58.879356 -0.231222 -143.365553
v -39.252904 -0.231222 -143.365553
v -19.626452 -0.231222 -143.365553
v 0.000000 -0.231222 -143.365553
v 19.626452 -0.231222 -143.365553
v 39.252904 -0.231222 -143.365553
v 58.879356 -0.231222 -143.365553
v 78.505808 -0.231222 -143.365553
v 98.132260 -0.231222 -143.365553
v 117.758712 -0.231222 -143.365553
v 137.385164 -0.231222 -143.365553
v 157.011616 -0.231222 -143.365553
v 176.638068 -0.231222 -143.365553
v 196.264520 -0.231222 -143.365553
v -196.264520 -0.231222 -122.884760
v -176.638068 -0.231222 -122.884760
v -157.011616 -0.231222 -122.884760
v -137.385164 -0.231222 -122.884760
v -117.758712 -0.231222 -122.884760
v -98.132260 -0.231222 -122.884760
v -78.505808 -0.231222 -122.884760
v -58.879356 -0.231222 -122.884760
v -39.252904 -0.231222 -122.884760
v -19.626452 -0.231222 -122.884760
v 0.000000 -0.231222 -122.884760
v 19.626452 -0.231222 -122.884760
v 39.252904 -0.231222 -122.884760
v 58.879356 -0.231222 -122.884760
v 78.505808 -0.231222 -122.884760
v 98.132260 -0.231222 -122.884760
v 117.758712 -0.231222 -122.884760
v 137.385164 -0.231222 -122.884760
v 157.011616 -0.231222 -122.884760
v 176.638068 -0.231222 -122.884760
v 196.264520 -0.231222 -122.884760
v -196.264520 -0.231222 -102.403966
v -176.638068 -0.231222 -102.403966
v -157.011616 -0.231222 -102.403966
v -137.385164 -0.231222 -102.403966
v -117.758712 -0.231222 -102.403966
v -98.132260 -0.231222 -102.403966
v -78.505808 -0.231222 -102.403966
v -58.879356 -0.231222 -102.403966
v -39.252904 -0.231222 -102.403966
v -19.626452 -0.231222 -102.403966
v 0.000000 -0.231222 -102.403966
v 19.626452 -0.231222 -102.403966
v 39.252904 -0.231222 -102.403966
v 58.879356 -0.231222 -102.403966
v 78.505808 -0.231222 -102.403966
v 98.132260 -0.231222 -102.403966
v 117.758712 -0.231222 -102.403966
v 137.385164 -0.231222 -102.403966
v 157.011616 -0.231222 -102.403966
v 176.638068 -0.231222 -102.403966
v 196.264520 -0.231222 -102.403966
v -196.264520 -0.231222 -81.923173
v -176.638068 -0.231222 -81.923173
v -157.011616 -0.231222 -81.923173
v -137.385164 -0.231222 -81.923173
v -117.758712 -0.231222 -81.923173
v -98.132260 -0.231222 -81.923173
v -78.505808 -0.231222 -81.923173
v -58.879356 -0.231222 -81.923173
v -39.252904 -0.231222 -81.923173
v -19.626452 -0.231222 -81.923173
v 0.000000 -0.231222 -81.923173
v 19.626452 -0.231222 -81.923173
v 39.252904 -0.231222 -81.923173
v 58.879356 -0.231222 -81.923173
v 78.505808 -0.231222 -81.923173
v 98.132260 -0.231222 -81.923173
v 117.758712 -0.231222 -81.923173
v 137.385164 -0.231222 -81.923173
v 157.011616 -0.231222 -81.923173
v 176.638068 -0.231222 -81.923173
v 196.264520 -0.231222 -81.923173
v -196.264520 -0.231222 -61.442380
v -176.638068 -0.231222 -61.442380
v -157.011616 -0.231222 -61.442380
v -137.385164 -0.231222 -61.442380
v -117.758712 -0.231222 -61.442380
v -98.132260 -0.231222 -61.442380
v -78.505808 -0.231222 -61.442380
v -58.879356 -0.231222 -61.442380
v -39.252904 -0.231222 -61.442380
v -19.626452 -0.231222 -61.442380
v 0.000000 -0.231222 -61.442380
v 19.626452 -0.231222 -61.442380
v 39.252904 -0.231222 -61.442380
v 58.879356 -0.231222 -61.442380
v 78.505808 -0.231222 -61.442380
v 98.132260 -0.231222 -61.442380
v 117.758712 -0.231222 -61.442380
v 137.385164 -0.231222 -61.442380
v 157.011616 -0.231222 -61.442380
v 176.638068 -0.231222 -61.442380
v 196.264520 -0.231222 -61.442380
v -196.264520 -0.231222 -40.961587
v -176.638068 -0.231222 -40.961587
v -157.011616 -0.231222 -40.961587
v -137.385164 -0.231222 -40.961587
v -117.758712 -0.231222 -40.961587
v -98.132260 -0.231222 -40.961587
v -78.505808 -0.231222 -40.961587
v -58.879356 -0.231222 -40.961587
v -39.252904 -0.231222 -40.961587
v -19.626452 -0.231222 -40.961587
v 0.000000 -0.231222 -40.961587
v 19.626452 -0.231222 -40.961587
v 39.252904 -0.231222 -40.961587
v 58.879356 -0.231222 -40.961587
v 78.505808 -0.231222 -40.961587
v 98.132260 -0.231222 -40.961587
v 117.758712 -0.231222 -40.961587
v 137.385164 -0.231222 -40.961587
v 157.011616 -0.231222 -40.961587
v 176.638068 -0.231222 -40.961587
v 196.264520 -0.231222 -40.961587
v -196.264520 -0.231222 -20.480793
v -176.638068 -0.231222 -20.480793
v -157.011616 -0.231222 -20.480793
v -137.385164 -0.231222 -20.480793
v -117.758712 -0.231222 -20.480793
v -98.132260 -0.231222 -20.480793
v -78.505808 -0.231222 -20.480793
v -58.879356 -0.231222 -20.480793
v -39.252904 -0.231222 -20.480793
v -19.626452 -0.231222 -20.480793
v 0.000000 -0.231222 -20.480793
v 19.626452 -0.231222 -20.480793
v 39.252904 -0.231222 -20.480793
v 58.879356 -0.231222 -20.480793
v 78.505808 -0.231222 -20.480793
v 98.132260 -0.231222 -20.480793
v 117.758712 -0.231222 -20.480793
v 137.385164 -0.231222 -20.480793
v 157.011616 -0.231222 -20.480793
v 176.638068 -0.231222 -20.480793
v 196.264520 -0.231222 -20.480793
v -196.264520 -0.231222 0.000000
v -176.638068 -0.231222 0.000000
v -157.011616 -0.231222 0.000000
v -137.385164 -0.231222 0.000000
v -117.758712 -0.231222 0.000000
v -98.132260 -0.231222 0.000000
v -78.505808 -0.231222 0.000000
v -58.879356 -0.231222 0.000000
v -39.252904 -0.231222 0.000000
v -19.626452 -0.231222 0.000000
v 0.000000 -0.231222 0.000000
v 19.626452 -0.231222 0.000000
v 39.252904 -0.231222 0.000000
v 58.879356 -0.231222 0.000000
v 78.505808 -0.231222 0.000000
v 98.132260 -0.231222 0.000000
v 117.758712 -0.231222 0.000000
v 137.385164 -0.231222 0.000000
v 157.011616 -0.231222 0.000000
v 176.638068 -0.231222 0.000000
v 196.264520 -0.231222 0.000000
v -196.264520 -0.231222 20.480793
v -176.638068 -0.231222 20.480793
v -157.011616 -0.231222 20.480793
v -137.385164 -0.231222 20.480793
v -117.758712 -0.231222 20.480793
v -98.132260 -0.231222 20.480793
v -78.505808 -0.231222 20.480793
v -58.879356 -0.231222 20.480793
v -39.252904 -0.231222 20.480793
v -19.626452 -0.231222 20.480793
v 0.000000 -0.231222 20.480793
v 19.626452 -0.231222 20.480793
v 39.252904 -0.231222 20.480793
v 58.879356 -0.231222 20.480793
v 78.505808 -0.231222 20.480793
v 98.132260 -0.231222 20.480793
v 117.758712 -0.231222 20.480793
v 137.385164 -0.231222 20.480793
v 157.011616 -0.231222 20.480793
v 176.638068 -0.231222 20.480793
v 196.264520 -0.231222 20.480793
v -196.264520 -0.231222 40.961587
v -176.638068 -0.231222 40.961587
v -157.011616 -0.231222 40.961587
v -137.385164 -0.231222 40.961587
v -117.758712 -0.231222 40.961587
v -98.132260 -0.231222 40.961587
v -78.505808 -0.231222 40.961587
v -58.879356 -0.231222 40.961587
v -39.252904 -0.231222 40.961587
v -19.626452 -0.231222 40.961587
v 0.000000 -0.231222 40.961587
v 19.626452 -0.231222 40.961587
v 39.252904 -0.231222 40.961587
v 58.879356 -0.231222 40.961587
v 78.505808 -0.231222 40.961587
v 98.132260 -0.231222 40.961587
v 117.758712 -0.231222 40.961587
v 137.385164 -0.231222 40.961587
v 157.011616 -0.231222 40.961587
v 176.638068 -0.231222 40.961587
v 196.264520 -0.231222 40.961587
v -196.264520 -0.231222 61.442380
v -176.638068 -0.231222 61.442380
v -157.011616 -0.231222 61.442380
v -137.385164 -0.231222 61.442380
v -117.758712 -0.231222 61.442380
v -98.132260 -0.231222 61.442380
v -78.505808 -0.231222 61.442380
v -58.879356 -0.231222 61.442380
v -39.252904 -0.231222 61.442380
v -19.626452 -0.231222 61.442380
v 0.000000 -0.231222 61.442380
v 19.626452 -0.231222 61.442380
v 39.252904 -0.231222 61.442380
v 58.879356 -0.231222 61.442380
v 78.505808 -0.231222 61.442380
v 98.132260 -0.231222 61.442380
v 117.758712 -0.231222 61.442380
v 137.385164 -0.231222 61.442380
v 157.011616 -0.231222 61.442380
v 176.638068 -0.231222 61.442380
v 196.264520 -0.231222 61.442380
v -196.264520 -0.231222 81.923173
v -176.638068 -0.231222 81.923173
v -157.011616 -0.231222 81.923173
v -137.385164 -0.231222 81.923173
v -117.758712 -0.231222 81.923173
v -98.132260 -0.231222 81.923173
v -78.505808 -0.231222 81.923173
v -58.879356 -0.231222 81.923173
v -39.252904 -0.231222 81.923173
v -19.626452 -0.231222 81.923173
v 0.000000 -0.231222 81.923173
v 19.626452 -0.231222 81.923173
v 39.252904 -0.231222 81.923173
v 58.879356 -0.231222 81.923173
v 78.505808 -0.231222 81.923173
v 98.132260 -0.231222 81.923173
v 117.758712 -0.231222 81.923173
v 137.385164 -0.231222 81.923173
v 157.011616 -0.231222 81.923173
v 176.638068 -0.231222 81.923173
v 196.264520 -0.231222 81.923173
v -196.264520 -0.231222 102.403966
v -176.638068 -0.231222 102.403966
v -157.011616 -0.231222 102.403966
v -137.385164 -0.231222 102.403966
v -117.758712 -0.231222 102.403966
v -98.132260 -0.231222 102.403966
v -78.505808 -0.231222 102.403966
v -58.879356 -0.231222 102.403966
v -39.252904 -0.231222 102.403966
v -19.626452 -0.231222 102.403966
v 0.000000 -0.231222 102.403966
v 19.626452 -0.231222 102.403966
v 39.252904 -0.231222 102.403966
v 58.879356 -0.231222 102.403966
v 78.505808 -0.231222 102.403966
v 98.132260 -0.231222 102.403966
v 117.758712 -0.231222 102.403966
v 137.385164 -0.231222 102.403966
v 157.011616 -0.231222 102.403966
v 176.638068 -0.231222 102.403966
v 196.264520 -0.231222 102.403966
v -196.264520 -0.231222 122.884760
v -176.638068 -0.231222 122.884760
v -157.011616 -0.231222 122.884760
v -137.385164 -0.231222 122.884760
v -117.758712 -0.231222 122.884760
v -98.132260 -0.231222 122.884760
v -78.505808 -0.231222 122.884760
v -58.879356 -0.231222 122.884760
v -39.252904 -0.231222 122.884760
v -19.626452 -0.231222 122.884760
v 0.000000 -0.231222 122.884760
v 19.626452 -0.231222 122.884760
v 39.252904 -0.231222 122.884760
v 58.879356 -0.231222 122.884760
v 78.505808 -0.231222 122.884760
v 98.132260 -0.231222 122.884760
v 117.758712 -0.231222 122.884760
v 137.385164 -0.231222 122.884760
v 157.011616 -0.231222 122.884760
v 176.638068 -0.231222 122.884760
v 196.264520 -0.231222 122.884760
v -196.264520 -0.231222 143.365553
v -176.638068 -0.231222 143.365553
v -157.011616 -0.231222 143.365553
v -137.385164 -0.231222 143.365553
v -117.758712 -0.231222 143.365553
v -98.132260 -0.231222 143.365553
v -78.505808 -0.231222 143.365553
v -58.879356 -0.231222 143.365553
v -39.252904 -0.231222 143.365553
v -19.626452 -0.231222 143.365553
v 0.000000 -0.231222 143.365553
v 19.626452 -0.231222 143.365553
v 39.252904 -0.231222 143.365553
v 58.879356 -0.231222 143.365553
v 78.505808 -0.231222 143.365553
v 98.132260 -0.231222 143.365553
v 117.758712 -0.231222 143.365553
v 137.385164 -0.231222 143.365553
v 157.011616 -0.231222 143.365553
v 176.638068 -0.231222 143.365553
v 196.264520 -0.231222 143.365553
v -196.264520 -0.231222 163.846346
v -176.638068 -0.231222 163.846346
v -157.011616 -0.231222 163.846346
v -137.385164 -0.231222 163.846346
v -117.758712 -0.231222 163.846346
v -98.132260 -0.231222 163.846346
v -78.505808 -0.231222 163.846346
v -58.879356 -0.231222 163.846346
v -39.252904 -0.231222 163.846346
v -19.626452 -0.231222 163.846346
v 0.000000 -0.231222 163.846346
v 19.626452 -0.231222 163.846346
v 39.252904 -0.231222 163.846346
v 58.879356 -0.231222 163.846346
v 78.505808 -0.231222 163.846346
v 98.132260 -0.231222 163.846346
v 117.758712 -0.231222 163.846346
v 137.385164 -0.231222 163.846346
v 157.011616 -0.231222 163.846346
v 176.638068 -0.231222 163.846346
v 196.264520 -0.231222 163.846346
v -196.264520 -0.231222 184.327140
v -176.638068 -0.231222 184.327140
v -157.011616 -0.231222 184.327140
v -137.385164 -0.231222 184.327140
v -117.758712 -0.231222 184.327140
v -98.132260 -0.231222 184.327140
v -78.505808 -0.231222 184.327140
v -58.879356 -0.231222 184.327140
v -39.252904 -0.231222 184.327140
v -19.626452 -0.231222 184.327140
v 0.000000 -0.231222 184.327140
v 19.626452 -0.231222 184.327140
v 39.252904 -0.231222 184.327140
v 58.879356 -0.231222 184.327140
v 78.505808 -0.231222 184.327140
v 98.132260 -0.231222 184.327140
v 117.758712 -0.231222 184.327140
v 137.385164 -0.231222 184.327140
v 157.011616 -0.231222 184.327140
v 176.638068 -0.231222 184.327140
v 196.264520 -0.231222 184.327140
v 196.264520 75.701697 -184.327140
v 196.264520 75.701697 -163.846346
v 196.264520 75.701697 -143.365553
v 196.264520 75.701697 -122.884760
v 196.264520 75.701697 -102.403966
v 196.264520 75.701697 -81.923173
v 196.264520 75.701697 -61.442380
v 196.264520 75.701697 -40.961587
v 196.264520 75.701697 -20.480793
v 196.264520 75.701697 0.000000
v 196.264520 75.701697 20.480793
v 196.264520 75.701697 40.961587
v 196.264520 75.701697 61.442380
v 196.264520 75.701697 81.923173
v 196.264520 75.701697 102.403966
v 196.264520 75.701697 122.884760
v 196.264520 75.701697 143.365553
v 196.264520 75.701697 163.846346
v 196.264520 75.701697 184.327140
v -196.264520 75.701697 -184.327140
v -196.264520 75.701697 -163.846346
v -196.264520 75.701697 -143.365553
v -196.264520 75.701697 -122.884760
v -196.264520 75.701697 -102.403966
v -196.264520 75.701697 -81.923173
v -196.264520 75.701697 -61.442380
v -196.264520 75.701697 -40.961587
v -196.264520 75.701697 -20.480793
v -196.264520 75.701697 0.000000
v -196.264520 75.701697 20.480793
v -196.264520 75.701697 40.961587
v -196.264520 75.701697 61.442380
v -196.264520 75.701697 81.923173
v -196.264520 75.701697 102.403966
v -196.264520 75.701697 122.884760
v -196.264520 75.701697 143.365553
v -196.264520 75.701697 163.846346
v -196.264520 75.701697 184.327140
vt 0.375000 0.000000
vt 0.387500 0.000000
vt 0.400000 0.000000
vt 0.412500 0.000000
vt 0.425000 0.000000
vt 0.437500 0.000000
vt 0.450000 0.000000
vt 0.462500 0.000000
vt 0.475000 0.000000
vt 0.487500 0.000000
vt 0.500000 0.000000
vt 0.512500 0.000000
vt 0.525000 0.000000
vt 0.537500 0.000000
vt 0.550000 0.000000
vt 0.562500 0.000000
vt 0.575000 0.000000
vt 0.587500 0.000000
vt 0.600000 0.000000
vt 0.612500 0.000000
vt 0.625000 0.000000
vt 0.375000 0.125000
vt 0.387500 0.125000
vt 0.400000 0.125000
vt 0.412500 0.125000
vt 0.425000 0.125000
vt 0.437500 0.125000
vt 0.450000 0.125000
vt 0.462500 0.125000
vt 0.475000 0.125000
vt 0.487500 0.125000
vt 0.500000 0.125000
vt 0.512500 0.125000
vt 0.525000 0.125000
vt 0.537500 0.125000
vt 0.550000 0.125000
vt 0.562500 0.125000
vt 0.575000 0.125000
vt 0.587500 0.125000
vt 0.600000 0.125000
vt 0.612500 0.125000
vt 0.625000 0.125000
vt 0.375000 0.250000
vt 0.387500 0.250000
vt 0.400000 0.250000
vt 0.412500 0.250000
vt 0.425000 0.250000
vt 0.437500 0.250000
vt 0.450000 0.250000
vt 0.462500 0.250000
vt 0.475000 0.250000
vt 0.487500 0.250000
vt 0.500000 0.250000
vt 0.512500 0.250000
vt 0.525000 0.250000
vt 0.537500 0.250000
vt 0.550000 0.250000
vt 0.562500 0.250000
vt 0.575000 0.250000
vt 0.587500 0.250000
vt 0.600000 0.250000
vt 0.612500 0.250000
vt 0.625000 0.250000
vt 0.375000 0.262500
vt 0.387500 0.262500
vt 0.400000 0.262500
vt 0.412500 0.262500
vt 0.425000 0.262500
vt 0.437500 0.262500
vt 0.450000 0.262500
vt 0.462500 0.262500
vt 0.475000 0.262500
vt 0.487500 0.262500
vt 0.500000 0.262500
vt 0.512500 0.262500
vt 0.525000 0.262500
vt 0.537500 0.262500
vt 0.550000 0.262500
vt 0.562500 0.262500
vt 0.575000 0.262500
vt 0.587500 0.262500
vt 0.600000 0.262500
vt 0.612500 0.262500
vt 0.625000 0.262500
vt 0.375000 0.275000
vt 0.387500 0.275000
vt 0.400000 0.275000
vt 0.412500 0.275000
vt 0.425000 0.275000
vt 0.437500 0.275000
vt 0.450000 0.275000
vt 0.462500 0.275000
vt 0.475000 0.275000
vt 0.487500 0.275000
vt 0.500000 0.275000
vt 0.512500 0.275000
vt 0.525000 0.275000
vt 0.537500 0.275000
vt 0.550000 0.275000
vt 0.562500 0.275000
vt 0.575000 0.275000
vt 0.587500 0.275000
vt 0.600000 0.275000
vt 0.612500 0.275000
vt 0.625000 0.275000
vt 0.375000 0.287500
vt 0.387500 0.287500
vt 0.400000 0.287500
vt 0.412500 0.287500
vt 0.425000 0.287500
vt 0.437500 0.287500
vt 0.450000 0.287500
vt 0.462500 0.287500
vt 0.475000 0.287500
vt 0.487500 0.287500
vt 0.500000 0.287500
vt 0.512500 0.287500
vt 0.525000 0.287500
vt 0.537500 0.287500
vt 0.550000 0.287500
vt 0.562500 0.287500
vt 0.575000 0.287500
vt 0.587500 0.287500
vt 0.600000 0.287500
vt 0.612500 0.287500
vt 0.625000 0.287500
vt 0.375000 0.300000
vt 0.387500 0.300000
vt 0.400000 0.300000
vt 0.412500 0.300000
vt 0.425000 0.300000
vt 0.437500 0.300000
vt 0.450000 0.300000
vt 0.462500 0.300000
vt 0.475000 0.300000
vt 0.487500 0.300000
vt 0.500000 0.300000
vt 0.512500 0.300000
vt 0.525000 0.300000
vt 0.537500 0.300000
vt 0.550000 0.300000
vt 0.562500 0.300000
vt 0.575000 0.300000
vt 0.587500 0.300000
vt 0.600000 0.300000
vt 0.612500 0.300000
vt 0.625000 0.300000
vt 0.375000 0.312500
vt 0.387500 0.312500
vt 0.400000 0.312500
vt 0.412500 0.312500
vt 0.425000 0.312500
vt 0.437500 0.312500
vt 0.450000 0.312500
vt 0.462500 0.312500
vt 0.475000 0.312500
vt 0.487500 0.312500
vt 0.500000 0.312500
vt 0.512500 0.312500
vt 0.525000 0.312500
vt 0.537500 0.312500
vt 0.550000 0.312500
vt 0.562500 0.312500
vt 0.575000 0.312500
vt 0.587500 0.312500
vt 0.600000 0.312500
vt 0.612500 0.312500
vt 0.625000 0.312500
vt 0.375000 0.325000
vt 0.387500 0.325000
vt 0.400000 0.325000
vt 0.412500 0.325000
vt 0.425000 0.325000
vt 0.437500 0.325000
vt 0.450000 0.325000
vt 0.462500 0.325000
vt 0.475000 0.325000
vt 0.487500 0.325000
vt 0.500000 0.325000
vt 0.512500 0.325000
vt 0.525000 0.325000
vt 0.537500 0.325000
vt 0.550000 0.325000
vt 0.562500 0.325000
vt 0.575000 0.325000
vt 0.587500 0.325000
vt 0.600000 0.325000
vt 0.612500 0.325000
vt 0.625000 0.325000
vt 0.375000 0.337500
vt 0.387500 0.337500
vt 0.400000 0.337500
vt 0.412500 0.337500
vt 0.425000 0.337500
vt 0.437500 0.337500
vt 0.450000 0.337500
vt 0.462500 0.337500
vt 0.475000 0.337500
vt 0.487500 0.337500
vt 0.500000 0.337500
vt 0.512500 0.337500
vt 0.525000 0.337500
vt 0.537500 0.337500
vt 0.550000 0.337500
vt 0.562500 0.337500
vt 0.575000 0.337500
vt 0.587500 0.337500
vt 0.600000 0.337500
vt 0.612500 0.337500
vt 0.625000 0.337500
vt 0.375000 0.350000
vt 0.387500 0.350000
vt 0.400000 0.350000
vt 0.412500 0.350000
vt 0.425000 0.350000
vt 0.437500 0.350000
vt 0.450000 0.350000
vt 0.462500 0.350000
vt 0.475000 0.350000
vt 0.487500 0.350000
vt 0.500000 0.350000
vt 0.512500 0.350000
vt 0.525000 0.350000
vt 0.537500 0.350000
vt 0.550000 0.350000
vt 0.562500 0.350000
vt 0.575000 0.350000
vt 0.587500 0.350000
vt 0.600000 0.350000
vt 0.612500 0.350000
vt 0.625000 0.350000
vt 0.375000 0.362500
vt 0.387500 0.362500
vt 0.400000 0.362500
vt 0.412500 0.362500
vt 0.425000 0.362500
vt 0.437500 0.362500
vt 0.450000 0.362500
vt 0.462500 0.362500
vt 0.475000 0.362500
vt 0.487500 0.362500
vt 0.500000 0.362500
vt 0.512500 0.362500
vt 0.525000 0.362500
vt 0.537500 0.362500
vt 0.550000 0.362500
vt 0.562500 0.362500
vt 0.575000 0.362500
vt 0.587500 0.362500
vt 0.600000 0.362500
vt 0.612500 0.362500
vt 0.625000 0.362500
vt 0.375000 0.375000
vt 0.387500 0.375000
vt 0.400000 0.375000
vt 0.412500 0.375000
vt 0.425000 0.375000
vt 0.437500 0.375000
vt 0.450000 0.375000
vt 0.462500 0.375000
vt 0.475000 0.375000
vt 0.487500 0.375000
vt 0.500000 0.375000
vt 0.512500 0.375000
vt 0.525000 0.375000
vt 0.537500 0.375000
vt 0.550000 0.375000
vt 0.562500 0.375000
vt 0.575000 0.375000
vt 0.587500 0.375000
vt 0.600000 0.375000
vt 0.612500 0.375000
vt 0.625000 0.375000
vt 0.375000 0.387500
vt 0.387500 0.387500
vt 0.400000 0.387500
vt 0.412500 0.387500
vt 0.425000 0.387500
vt 0.437500 0.387500
vt 0.450000 0.387500
vt 0.462500 0.387500
vt 0.475000 0.387500
vt 0.487500 0.387500
vt 0.500000 0.387500
vt 0.512500 0.387500
vt 0.525000 0.387500
vt 0.537500 0.387500
vt 0.550000 0.387500
vt 0.562500 0.387500
vt 0.575000 0.387500
vt 0.587500 0.387500
vt 0.600000 0.387500
vt 0.612500 0.387500
vt 0.625000 0.387500
vt 0.375000 0.400000
vt 0.387500 0.400000
vt 0.400000 0.400000
vt 0.412500 0.400000
vt 0.425000 0.400000
vt 0.437500 0.400000
vt 0.450000 0.400000
vt 0.462500 0.400000
vt 0.475000 0.400000
vt 0.487500 0.400000
vt 0.500000 0.400000
vt 0.512500 0.400000
vt 0.525000 0.400000
vt 0.537500 0.400000
vt 0.550000 0.400000
vt 0.562500 0.400000
vt 0.575000 0.400000
vt 0.587500 0.400000
vt 0.600000 0.400000
vt 0.612500 0.400000
vt 0.625000 0.400000
vt 0.375000 0.412500
vt 0.387500 0.412500
vt 0.400000 0.412500
vt 0.412500 0.412500
vt 0.425000 0.412500
vt 0.437500 0.412500
vt 0.450000 0.412500
vt 0.462500 0.412500
vt 0.475000 0.412500
vt 0.487500 0.412500
vt 0.500000 0.412500
vt 0.512500 0.412500
vt 0.525000 0.412500
vt 0.537500 0.412500
vt 0.550000 0.412500
vt 0.562500 0.412500
vt 0.575000 0.412500
vt 0.587500 0.412500
vt 0.600000 0.412500
vt 0.612500 0.412500
vt 0.625000 0.412500
vt 0.375000 0.425000
vt 0.387500 0.425000
vt 0.400000 0.425000
vt 0.412500 0.425000
vt 0.425000 0.425000
vt 0.437500 0.425000
vt 0.450000 0.425000
vt 0.462500 0.425000
vt 0.475000 0.425000
vt 0.487500 0.425000
vt 0.500000 0.425000
vt 0.512500 0.425000
vt 0.525000 0.425000
vt 0.537500 0.425000
vt 0.550000 0.425000
vt 0.562500 0.425000
vt 0.575000 0.425000
vt 0.587500 0.425000
vt 0.600000 0.425000
vt 0.612500 0.425000
vt 0.625000 0.425000
vt 0.375000 0.437500
vt 0.387500 0.437500
vt 0.400000 0.437500
vt 0.412500 0.437500
vt 0.425000 0.437500
vt 0.437500 0.437500
vt 0.450000 0.437500
vt 0.462500 0.437500
vt 0.475000 0.437500
vt 0.487500 0.437500
vt 0.500000 0.437500
vt 0.512500 0.437500
vt 0.525000 0.437500
vt 0.537500 0.437500
vt 0.550000 0.437500
vt 0.562500 0.437500
vt 0.575000 0.437500
vt 0.587500 0.437500
vt 0.600000 0.437500
vt 0.612500 0.437500
vt 0.625000 0.437500
vt 0.375000 0.450000
vt 0.387500 0.450000
vt 0.400000 0.450000
vt 0.412500 0.450000
vt 0.425000 0.450000
vt 0.437500 0.450000
vt 0.450000 0.450000
vt 0.462500 0.450000
vt 0.475000 0.450000
vt 0.487500 0.450000
vt 0.500000 0.450000
vt 0.512500 0.450000
vt 0.525000 0.450000
vt 0.537500 0.450000
vt 0.550000 0.450000
vt 0.562500 0.450000
vt 0.575000 0.450000
vt 0.587500 0.450000
vt 0.600000 0.450000
vt 0.612500 0.450000
vt 0.625000 0.450000
vt 0.375000 0.462500
vt 0.387500 0.462500
vt 0.400000 0.462500
vt 0.412500 0.462500
vt 0.425000 0.462500
vt 0.437500 0.462500
vt 0.450000 0.462500
vt 0.462500 0.462500
vt 0.475000 0.462500
vt 0.487500 0.462500
vt 0.500000 0.462500
vt 0.512500 0.462500
vt 0.525000 0.462500
vt 0.537500 0.462500
vt 0.550000 0.462500
vt 0.562500 0.462500
vt 0.575000 0.462500
vt 0.587500 0.462500
vt 0.600000 0.462500
vt 0.612500 0.462500
vt 0.625000 0.462500
vt 0.375000 0.475000
vt 0.387500 0.475000
vt 0.400000 0.475000
vt 0.412500 0.475000
vt 0.425000 0.475000
vt 0.437500 0.475000
vt 0.450000 0.475000
vt 0.462500 0.475000
vt 0.475000 0.475000
vt 0.487500 0.475000
vt 0.500000 0.475000
vt 0.512500 0.475000
vt 0.525000 0.475000
vt 0.537500 0.475000
vt 0.550000 0.475000
vt 0.562500 0.475000
vt 0.575000 0.475000
vt 0.587500 0.475000
vt 0.600000 0.475000
vt 0.612500 0.475000
vt 0.625000 0.475000
vt 0.375000 0.487500
vt 0.387500 0.487500
vt 0.400000 0.487500
vt 0.412500 0.487500
vt 0.425000 0.487500
vt 0.437500 0.487500
vt 0.450000 0.487500
vt 0.462500 0.487500
vt 0.475000 0.487500
vt 0.487500 0.487500
vt 0.500000 0.487500
vt 0.512500 0.487500
vt 0.525000 0.487500
vt 0.537500 0.487500
vt 0.550000 0.487500
vt 0.562500 0.487500
vt 0.575000 0.487500
vt 0.587500 0.487500
vt 0.600000 0.487500
vt 0.612500 0.487500
vt 0.625000 0.487500
vt 0.375000 0.500000
vt 0.387500 0.500000
vt 0.400000 0.500000
vt 0.412500 0.500000
vt 0.425000 0.500000
vt 0.437500 0.500000
vt 0.450000 0.500000
vt 0.462500 0.500000
vt 0.475000 0.500000
vt 0.487500 0.500000
vt 0.500000 0.500000
vt 0.512500 0.500000
vt 0.525000 0.500000
vt 0.537500 0.500000
vt 0.550000 0.500000
vt 0.562500 0.500000
vt 0.575000 0.500000
vt 0.587500 0.500000
vt 0.600000 0.500000
vt 0.612500 0.500000
vt 0.625000 0.500000
vt 0.375000 0.625000
vt 0.387500 0.625000
vt 0.400000 0.625000
vt 0.412500 0.625000
vt 0.425000 0.625000
vt 0.437500 0.625000
vt 0.450000 0.625000
vt 0.462500 0.625000
vt 0.475000 0.625000
vt 0.487500 0.625000
vt 0.500000 0.625000
vt 0.512500 0.625000
vt 0.525000 0.625000
vt 0.537500 0.625000
vt 0.550000 0.625000
vt 0.562500 0.625000
vt 0.575000 0.625000
vt 0.587500 0.625000
vt 0.600000 0.625000
vt 0.612500 0.625000
vt 0.625000 0.625000
vt 0.375000 0.750000
vt 0.387500 0.750000
vt 0.400000 0.750000
vt 0.412500 0.750000
vt 0.425000 0.750000
vt 0.437500 0.750000
vt 0.450000 0.750000
vt 0.462500 0.750000
vt 0.475000 0.750000
vt 0.487500 0.750000
vt 0.500000 0.750000
vt 0.512500 0.750000
vt 0.525000 0.750000
vt 0.537500 0.750000
vt 0.550000 0.750000
vt 0.562500 0.750000
vt 0.575000 0.750000
vt 0.587500 0.750000
vt 0.600000 0.750000
vt 0.612500 0.750000
vt 0.625000 0.750000
vt 0.375000 0.762500
vt 0.387500 0.762500
vt 0.400000 0.762500
vt 0.412500 0.762500
vt 0.425000 0.762500
vt 0.437500 0.762500
vt 0.450000 0.762500
vt 0.462500 0.762500
vt 0.475000 0.762500
vt 0.487500 0.762500
vt 0.500000 0.762500
vt 0.512500 0.762500
vt 0.525000 0.762500
vt 0.537500 0.762500
vt 0.550000 0.762500
vt 0.562500 0.762500
vt 0.575000 0.762500
vt 0.587500 0.762500
vt 0.600000 0.762500
vt 0.612500 0.762500
vt 0.625000 0.762500
vt 0.375000 0.775000
vt 0.387500 0.775000
vt 0.400000 0.775000
vt 0.412500 0.775000
vt 0.425000 0.775000
vt 0.437500 0.775000
vt 0.450000 0.775000
vt 0.462500 0.775000
vt 0.475000 0.775000
vt 0.487500 0.775000
vt 0.500000 0.775000
vt 0.512500 0.775000
vt 0.525000 0.775000
vt 0.537500 0.775000
vt 0.550000 0.775000
vt 0.562500 0.775000
vt 0.575000 0.775000
vt 0.587500 0.775000
vt 0.600000 0.775000
vt 0.612500 0.775000
vt 0.625000 0.775000
vt 0.375000 0.787500
vt 0.387500 0.787500
vt 0.400000 0.787500
vt 0.412500 0.787500
vt 0.425000 0.787500
vt 0.437500 0.787500
vt 0.450000 0.787500
vt 0.462500 0.787500
vt 0.475000 0.787500
vt 0.487500 0.787500
vt 0.500000 0.787500
vt 0.512500 0.787500
vt 0.525000 0.787500
vt 0.537500 0.787500
vt 0.550000 0.787500
vt 0.562500 0.787500
vt 0.575000 0.787500
vt 0.587500 0.787500
vt 0.600000 0.787500
vt 0.612500 0.787500
vt 0.625000 0.787500
vt 0.375000 0.800000
vt 0.387500 0.800000
vt 0.400000 0.800000
vt 0.412500 0.800000
vt 0.425000 0.800000
vt 0.437500 0.800000
vt 0.450000 0.800000
vt 0.462500 0.800000
vt 0.475000 0.800000
vt 0.487500 0.800000
vt 0.500000 0.800000
vt 0.512500 0.800000
vt 0.525000 0.800000
vt 0.537500 0.800000
vt 0.550000 0.800000
vt 0.562500 0.800000
vt 0.575000 0.800000
vt 0.587500 0.800000
vt 0.600000 0.800000
vt 0.612500 0.800000
vt 0.625000 0.800000
vt 0.375000 0.812500
vt 0.387500 0.812500
vt 0.400000 0.812500
vt 0.412500 0.812500
vt 0.425000 0.812500
vt 0.437500 0.812500
vt 0.450000 0.812500
vt 0.462500 0.812500
vt 0.475000 0.812500
vt 0.487500 0.812500
vt 0.500000 0.812500
vt 0.512500 0.812500
vt 0.525000 0.812500
vt 0.537500 0.812500
vt 0.550000 0.812500
vt 0.562500 0.812500
vt 0.575000 0.812500
vt 0.587500 0.812500
vt 0.600000 0.812500
vt 0.612500 0.812500
vt 0.625000 0.812500
vt 0.375000 0.825000
vt 0.387500 0.825000
vt 0.400000 0.825000
vt 0.412500 0.825000
vt 0.425000 0.825000
vt 0.437500 0.825000
vt 0.450000 0.825000
vt 0.462500 0.825000
vt 0.475000 0.825000
vt 0.487500 0.825000
vt 0.500000 0.825000
vt 0.512500 0.825000
vt 0.525000 0.825000
vt 0.537500 0.825000
vt 0.550000 0.825000
vt 0.562500 0.825000
vt 0.575000 0.825000
vt 0.587500 0.825000
vt 0.600000 0.825000
vt 0.612500 0.825000
vt 0.625000 0.825000
vt 0.375000 0.837500
vt 0.387500 0.837500
vt 0.400000 0.837500
vt 0.412500 0.837500
vt 0.425000 0.837500
vt 0.437500 0.837500
vt 0.450000 0.837500
vt 0.462500 0.837500
vt 0.475000 0.837500
vt 0.487500 0.837500
vt 0.500000 0.837500
vt 0.512500 0.837500
vt 0.525000 0.837500
vt 0.537500 0.837500
vt 0.550000 0.837500
vt 0.562500 0.837500
vt 0.575000 0.837500
vt 0.587500 0.837500
vt 0.600000 0.837500
vt 0.612500 0.837500
vt 0.625000 0.837500
vt 0.375000 0.850000
vt 0.387500 0.850000
vt 0.400000 0.850000
vt 0.412500 0.850000
vt 0.425000 0.850000
vt 0.437500 0.850000
vt 0.450000 0.850000
vt 0.462500 0.850000
vt 0.475000 0.850000
vt 0.487500 0.850000
vt 0.500000 0.850000
vt 0.512500 0.850000
vt 0.525000 0.850000
vt 0.537500 0.850000
vt 0.550000 0.850000
vt 0.562500 0.850000
vt 0.575000 0.850000
vt 0.587500 0.850000
vt 0.600000 0.850000
vt 0.612500 0.850000
vt 0.625000 0.850000
vt 0.375000 0.862500
vt 0.387500 0.862500
vt 0.400000 0.862500
vt 0.412500 0.862500
vt 0.425000 0.862500
vt 0.437500 0.862500
vt 0.450000 0.862500
vt 0.462500 0.862500
vt 0.475000 0.862500
vt 0.487500 0.862500
vt 0.500000 0.862500
vt 0.512500 0.862500
vt 0.525000 0.862500
vt 0.537500 0.862500
vt 0.550000 0.862500
vt 0.562500 0.862500
vt 0.575000 0.862500
vt 0.587500 0.862500
vt 0.600000 0.862500
vt 0.612500 0.862500
vt 0.625000 0.862500
vt 0.375000 0.875000
vt 0.387500 0.875000
vt 0.400000 0.875000
vt 0.412500 0.875000
vt 0.425000 0.875000
vt 0.437500 0.875000
vt 0.450000 0.875000
vt 0.462500 0.875000
vt 0.475000 0.875000
vt 0.487500 0.875000
vt 0.500000 0.875000
vt 0.512500 0.875000
vt 0.525000 0.875000
vt 0.537500 0.875000
vt 0.550000 0.875000
vt 0.562500 0.875000
vt 0.575000 0.875000
vt 0.587500 0.875000
vt 0.600000 0.875000
vt 0.612500 0.875000
vt 0.625000 0.875000
vt 0.375000 0.887500
vt 0.387500 0.887500
vt 0.400000 0.887500
vt 0.412500 0.887500
vt 0.425000 0.887500
vt 0.437500 0.887500
vt 0.450000 0.887500
vt 0.462500 0.887500
vt 0.475000 0.887500
vt 0.487500 0.887500
vt 0.500000 0.887500
vt 0.512500 0.887500
vt 0.525000 0.887500
vt 0.537500 0.887500
vt 0.550000 0.887500
vt 0.562500 0.887500
vt 0.575000 0.887500
vt 0.587500 0.887500
vt 0.600000 0.887500
vt 0.612500 0.887500
vt 0.625000 0.887500
vt 0.375000 0.900000
vt 0.387500 0.900000
vt 0.400000 0.900000
vt 0.412500 0.900000
vt 0.425000 0.900000
vt 0.437500 0.900000
vt 0.450000 0.900000
vt 0.462500 0.900000
vt 0.475000 0.900000
vt 0.487500 0.900000
vt 0.500000 0.900000
vt 0.512500 0.900000
vt 0.525000 0.900000
vt 0.537500 0.900000
vt 0.550000 0.900000
vt 0.562500 0.900000
vt 0.575000 0.900000
vt 0.587500 0.900000
vt 0.600000 0.900000
vt 0.612500 0.900000
vt 0.625000 0.900000
vt 0.375000 0.912500
vt 0.387500 0.912500
vt 0.400000 0.912500
vt 0.412500 0.912500
vt 0.425000 0.912500
vt 0.437500 0.912500
vt 0.450000 0.912500
vt 0.462500 0.912500
vt 0.475000 0.912500
vt 0.487500 0.912500
vt 0.500000 0.912500
vt 0.512500 0.912500
vt 0.525000 0.912500
vt 0.537500 0.912500
vt 0.550000 0.912500
vt 0.562500 0.912500
vt 0.575000 0.912500
vt 0.587500 0.912500
vt 0.600000 0.912500
vt 0.612500 0.912500
vt 0.625000 0.912500
vt 0.375000 0.925000
vt 0.387500 0.925000
vt 0.400000 0.925000
vt 0.412500 0.925000
vt 0.425000 0.925000
vt 0.437500 0.925000
vt 0.450000 0.925000
vt 0.462500 0.925000
vt 0.475000 0.925000
vt 0.487500 0.925000
vt 0.500000 0.925000
vt 0.512500 0.925000
vt 0.525000 0.925000
vt 0.537500 0.925000
vt 0.550000 0.925000
vt 0.562500 0.925000
vt 0.575000 0.925000
vt 0.587500 0.925000
vt 0.600000 0.925000
vt 0.612500 0.925000
vt 0.625000 0.925000
vt 0.375000 0.937500
vt 0.387500 0.937500
vt 0.400000 0.937500
vt 0.412500 0.937500
vt 0.425000 0.937500
vt 0.437500 0.937500
vt 0.450000 0.937500
vt 0.462500 0.937500
vt 0.475000 0.937500
vt 0.487500 0.937500
vt 0.500000 0.937500
vt 0.512500 0.937500
vt 0.525000 0.937500
vt 0.537500 0.937500
vt 0.550000 0.937500
vt 0.562500 0.937500
vt 0.575000 0.937500
vt 0.587500 0.937500
vt 0.600000 0.937500
vt 0.612500 0.937500
vt 0.625000 0.937500
vt 0.375000 0.950000
vt 0.387500 0.950000
vt 0.400000 0.950000
vt 0.412500 0.950000
vt 0.425000 0.950000
vt 0.437500 0.950000
vt 0.450000 0.950000
vt 0.462500 0.950000
vt 0.475000 0.950000
vt 0.487500 0.950000
vt 0.500000 0.950000
vt 0.512500 0.950000
vt 0.525000 0.950000
vt 0.537500 0.950000
vt 0.550000 0.950000
vt 0.562500 0.950000
vt 0.575000 0.950000
vt 0.587500 0.950000
vt 0.600000 0.950000
vt 0.612500 0.950000
vt 0.625000 0.950000
vt 0.375000 0.962500
vt 0.387500 0.962500
vt 0.400000 0.962500
vt 0.412500 0.962500
vt 0.425000 0.962500
vt 0.437500 0.962500
vt 0.450000 0.962500
vt 0.462500 0.962500
vt 0.475000 0.962500
vt 0.487500 0.962500
vt 0.500000 0.962500
vt 0.512500 0.962500
vt 0.525000 0.962500
vt 0.537500 0.962500
vt 0.550000 0.962500
vt 0.562500 0.962500
vt 0.575000 0.962500
vt 0.587500 0.962500
vt 0.600000 0.962500
vt 0.612500 0.962500
vt 0.625000 0.962500
vt 0.375000 0.975000
vt 0.387500 0.975000
vt 0.400000 0.975000
vt 0.412500 0.975000
vt 0.425000 0.975000
vt 0.437500 0.975000
vt 0.450000 0.975000
vt 0.462500 0.975000
vt 0.475000 0.975000
vt 0.487500 0.975000
vt 0.500000 0.975000
vt 0.512500 0.975000
vt 0.525000 0.975000
vt 0.537500 0.975000
vt 0.550000 0.975000
vt 0.562500 0.975000
vt 0.575000 0.975000
vt 0.587500 0.975000
vt 0.600000 0.975000
vt 0.612500 0.975000
vt 0.625000 0.975000
vt 0.375000 0.987500
vt 0.387500 0.987500
vt 0.400000 0.987500
vt 0.412500 0.987500
vt 0.425000 0.987500
vt 0.437500 0.987500
vt 0.450000 0.987500
vt 0.462500 0.987500
vt 0.475000 0.987500
vt 0.487500 0.987500
vt 0.500000 0.987500
vt 0.512500 0.987500
vt 0.525000 0.987500
vt 0.537500 0.987500
vt 0.550000 0.987500
vt 0.562500 0.987500
vt 0.575000 0.987500
vt 0.587500 0.987500
vt 0.600000 0.987500
vt 0.612500 0.987500
vt 0.625000 0.987500
vt 0.375000 1.000000
vt 0.387500 1.000000
vt 0.400000 1.000000
vt 0.412500 1.000000
vt 0.425000 1.000000
vt 0.437500 1.000000
vt 0.450000 1.000000
vt 0.462500 1.000000
vt 0.475000 1.000000
vt 0.487500 1.000000
vt 0.500000 1.000000
vt 0.512500 1.000000
vt 0.525000 1.000000
vt 0.537500 1.000000
vt 0.550000 1.000000
vt 0.562500 1.000000
vt 0.575000 1.000000
vt 0.587500 1.000000
vt 0.600000 1.000000
vt 0.612500 1.000000
vt 0.625000 1.000000
vt 0.875000 0.000000
vt 0.862500 0.000000
vt 0.850000 0.000000
vt 0.837500 0.000000
vt 0.825000 0.000000
vt 0.812500 0.000000
vt 0.800000 0.000000
vt 0.787500 0.000000
vt 0.775000 0.000000
vt 0.762500 0.000000
vt 0.750000 0.000000
vt 0.737500 0.000000
vt 0.725000 0.000000
vt 0.712500 0.000000
vt 0.700000 0.000000
vt 0.687500 0.000000
vt 0.675000 0.000000
vt 0.662500 0.000000
vt 0.650000 0.000000
vt 0.637500 0.000000
vt 0.875000 0.125000
vt 0.862500 0.125000
vt 0.850000 0.125000
vt 0.837500 0.125000
vt 0.825000 0.125000
vt 0.812500 0.125000
vt 0.800000 0.125000
vt 0.787500 0.125000
vt 0.775000 0.125000
vt 0.762500 0.125000
vt 0.750000 0.125000
vt 0.737500 0.125000
vt 0.725000 0.125000
vt 0.712500 0.125000
vt 0.700000 0.125000
vt 0.687500 0.125000
vt 0.675000 0.125000
vt 0.662500 0.125000
vt 0.650000 0.125000
vt 0.637500 0.125000
vt 0.875000 0.250000
vt 0.862500 0.250000
vt 0.850000 0.250000
vt 0.837500 0.250000
vt 0.825000 0.250000
vt 0.812500 0.250000
vt 0.800000 0.250000
vt 0.787500 0.250000
vt 0.775000 0.250000
vt 0.762500 0.250000
vt 0.750000 0.250000
vt 0.737500 0.250000
vt 0.725000 0.250000
vt 0.712500 0.250000
vt 0.700000 0.250000
vt 0.687500 0.250000
vt 0.675000 0.250000
vt 0.662500 0.250000
vt 0.650000 0.250000
vt 0.637500 0.250000
vt 0.125000 0.000000
vt 0.137500 0.000000
vt 0.150000 0.000000
vt 0.162500 0.000000
vt 0.175000 0.000000
vt 0.187500 0.000000
vt 0.200000 0.000000
vt 0.212500 0.000000
vt 0.225000 0.000000
vt 0.237500 0.000000
vt 0.250000 0.000000
vt 0.262500 0.000000
vt 0.275000 0.000000
vt 0.287500 0.000000
vt 0.300000 0.000000
vt 0.312500 0.000000
vt 0.325000 0.000000
vt 0.337500 0.000000
vt 0.350000 0.000000
vt 0.362500 0.000000
vt 0.125000 0.125000
vt 0.137500 0.125000
vt 0.150000 0.125000
vt 0.162500 0.125000
vt 0.175000 0.125000
vt 0.187500 0.125000
vt 0.200000 0.125000
vt 0.212500 0.125000
vt 0.225000 0.125000
vt 0.237500 0.125000
vt 0.250000 0.125000
vt 0.262500 0.125000
vt 0.275000 0.125000
vt 0.287500 0.125000
vt 0.300000 0.125000
vt 0.312500 0.125000
vt 0.325000 0.125000
vt 0.337500 0.125000
vt 0.350000 0.125000
vt 0.362500 0.125000
vt 0.125000 0.250000
vt 0.137500 0.250000
vt 0.150000 0.250000
vt 0.162500 0.250000
vt 0.175000 0.250000
vt 0.187500 0.250000
vt 0.200000 0.250000
vt 0.212500 0.250000
vt 0.225000 0.250000
vt 0.237500 0.250000
vt 0.250000 0.250000
vt 0.262500 0.250000
vt 0.275000 0.250000
vt 0.287500 0.250000
vt 0.300000 0.250000
vt 0.312500 0.250000
vt 0.325000 0.250000
vt 0.337500 0.250000
vt 0.350000 0.250000
vt 0.362500 0.250000
vn 0.000000 0.000000 1.000000
vn 0.000000 0.000000 1.000000
vn 0.000000 0.000000 1.000000
vn 0.000000 0.000000 1.000000
vn 0.000000 0.000000 1.000000
vn 0.000000 0.000000 1.000000
vn 0.000000 0.000000 1.000000
vn 0.000000 0.000000 1.000000
vn 0.000000 0.000000 1.000000
vn 0.000000 0.000000 1.000000
vn 0.000000 0.000000 1.000000
vn 0.000000 0.000000 1.000000
vn 0.000000 0.000000 1.000000
vn 0.000000 0.000000 1.000000
vn 0.000000 0.000000 1.000000
vn 0.000000 0.000000 1.000000
vn 0.000000 0.000000 1.000000
vn 0.000000 0.000000 1.000000
vn 0.000000 0.000000 1.000000
vn 0.000000 0.000000 1.000000
vn 0.000000 0.000000 1.000000
vn 0.000000 0.000000 1.000000
vn 0.000000 0.000000 1.000000
vn 0.000000 0.000000 1.000000
vn 0.000000 0.000000 1.000000
vn 0.000000 0.000000 1.000000
vn 0.000000 0.000000 1.000000
vn 0.000000 0.000000 1.000000
vn 0.000000 0.000000 1.000000
vn 0.000000 0.000000 1.000000
vn 0.000000 0.000000 1.000000
vn 0.000000 0.000000 1.000000
vn 0.000000 0.000000 1.000000
vn 0.000000 0.000000 1.000000
vn -0.000001 0.000000 1.000000
vn -0.000001 0.000000 1.000000
vn -0.000000 0.000000 1.000000
vn -0.000000 0.000000 1.000000
vn 0.000000 0.000000 1.000000
vn 0.000000 0.000000 1.000000
vn 0.000000 0.000000 1.000000
vn 0.000000 0.000000 1.000000
vn 0.000000 0.000000 1.000000
vn 0.000000 0.000000 1.000000
vn 0.000000 0.000000 1.000000
vn 0.000000 0.000000 1.000000
vn 0.000000 0.000000 1.000000
vn 0.000000 0.000000 1.000000
vn 0.000000 0.000000 1.000000
vn 0.000000 0.000000 1.000000
vn 0.000000 0.000000 1.000000
vn 0.000000 0.000000 1.000000
vn 0.000000 0.000000 1.000000
vn 0.000000 0.000000 1.000000
vn 0.000000 0.000000 1.000000
vn 0.000000 0.000000 1.000000
vn 0.000000 0.000000 1.000000
vn 0.000000 0.000000 1.000000
vn 0.000000 0.000000 1.000000
vn 0.000000 0.000000 1.000000
vn 0.000000 0.000000 1.000000
vn 0.000000 0.000000 1.000000
vn 0.000000 0.000000 1.000000
vn 0.000000 1.000000 0.000000
vn 0.000000 1.000000 0.000000
vn 0.000000 1.000000 0.000000
vn 0.000000 1.000000 0.000000
vn 0.810697 0.585467 0.000000
vn 0.810697 0.585466 0.000000
vn 0.810697 0.585467 0.000000
vn 0.810697 0.585466 0.000000
vn 0.000000 1.000000 0.000000
vn 0.000000 1.000000 0.000000
vn 0.000000 1.000000 0.000000
vn 0.000000 1.000000 0.000000
vn 0.000000 1.000000 0.000000
vn 0.000000 1.000000 0.000000
vn 0.000000 1.000000 0.000000
vn 0.000000 1.000000 0.000000
vn 0.000000 1.000000 0.000000
vn 0.000000 1.000000 0.000000
vn 0.000000 1.000000 0.000000
vn 0.000000 1.000000 0.000000
vn 0.000000 1.000000 0.000000
vn 0.000000 1.000000 0.000000
vn 0.000000 1.000000 0.000000
vn 0.000000 1.000000 0.000000
vn 0.000000 1.000000 0.000000
vn 0.000000 1.000000 0.000000
vn 0.000000 1.000000 0.000000
vn 0.000000 1.000000 0.000000
vn 0.000000 1.000000 0.000000
vn 0.000000 1.000000 0.000000
vn 0.000000 1.000000 0.000000
vn 0.000000 1.000000 0.000000
vn 0.000000 1.000000 0.000000
vn 0.000000 1.000000 0.000000
vn -0.810697 0.585467 0.000000
vn -0.810697 0.585466 0.000000
vn -0.810697 0.585467 0.000000
vn -0.810697 0.585466 0.000000
vn 0.000000 1.000000 0.000000
vn 0.000000 1.000000 0.000000
vn 0.000000 1.000000 0.000000
vn 0.000000 1.000000 0.000000
vn 0.000000 1.000000 0.000000
vn 0.000000 1.000000 0.000000
vn 0.810697 0.585466 0.000000
vn 0.810697 0.585466 0.000000
vn 0.000000 1.000000 0.000000
vn 0.000000 1.000000 0.000000
vn 0.000000 1.000000 0.000000
vn 0.000000 1.000000 0.000000
vn 0.000000 1.000000 0.000000
vn 0.000000 1.000000 0.000000
vn 0.000000 1.000000 0.000000
vn 0.000000 1.000000 0.000000
vn 0.000000 1.000000 0.000000
vn 0.000000 1.000000 0.000000
vn 0.000000 1.000000 0.000000
vn 0.000000 1.000000 0.000000
vn 0.000000 1.000000 0.000000
vn -0.810697 0.585466 0.000000
vn -0.810697 0.585466 0.000000
vn 0.000000 1.000000 0.000000
vn 0.000000 1.000000 0.000000
vn 0.000000 1.000000 0.000000
vn 0.000000 1.000000 0.000000
vn 0.810697 0.585466 0.000000
vn 0.810697 0.585466 0.000000
vn 0.000000 1.000000 0.000000
vn 0.000000 1.000000 0.000000
vn 0.000000 1.000000 0.000000
vn 0.000000 1.000000 0.000000
vn 0.000000 1.000000 0.000000
vn 0.000000 1.000000 0.000000
vn 0.000000 1.000000 0.000000
vn 0.000000 1.000000 0.000000
vn 0.000000 1.000000 0.000000
vn 0.000000 1.000000 0.000000
vn 0.000000 1.000000 0.000000
vn 0.000000 1.000000 0.000000
vn 0.000000 1.000000 0.000000
vn -0.810697 0.585466 0.000000
vn -0.810697 0.585466 0.000000
vn 0.000000 1.000000 0.000000
vn 0.000000 1.000000 0.000000
vn 0.000000 1.000000 0.000000
vn 0.000000 1.000000 0.000000
vn 0.810697 0.585466 0.000000
vn 0.810697 0.585466 0.000000
vn 0.000000 1.000000 0.000000
vn 0.000000 1.000000 0.000000
vn 0.000000 1.000000 0.000000
vn 0.000000 1.000000 0.000000
vn 0.000000 1.000000 0.000000
vn 0.000000 1.000000 0.000000
vn 0.000000 1.000000 0.000000
vn 0.000000 1.000000 0.000000
vn 0.000000 1.000000 0.000000
vn 0.000000 1.000000 0.000000
vn 0.000000 1.000000 0.000000
vn 0.000000 1.000000 0.000000
vn 0.000000 1.000000 0.000000
vn -0.810697 0.585466 0.000000
vn -0.810697 0.585466 0.000000
vn 0.000000 1.000000 0.000000
vn 0.000000 1.000000 0.000000
vn 0.000000 1.000000 0.000000
vn 0.000000 1.000000 0.000000
vn 0.810697 0.585466 0.000000
vn 0.810697 0.585466 0.000000
vn 0.000000 1.000000 0.000000
vn 0.000000 1.000000 0.000000
vn 0.000000 1.000000 0.000000
vn 0.000000 1.000000 0.000000
vn 0.000000 1.000000 0.000000
vn 0.000000 1.000000 0.000000
vn 0.000000 1.000000 0.000000
vn 0.000000 1.000000 0.000000
vn 0.000000 1.000000 0.000000
vn 0.000000 1.000000 0.000000
vn 0.000000 1.000000 0.000000
vn 0.000000 1.000000 0.000000
vn 0.000000 1.000000 0.000000
vn -0.810697 0.585466 0.000000
vn -0.810697 0.585466 0.000000
vn 0.000000 1.000000 0.000000
vn 0.000000 1.000000 0.000000
vn 0.000000 1.000000 0.000000
vn 0.000000 1.000000 0.000000
vn 0.810697 0.585466 0.000000
vn 0.810697 0.585466 0.000000
vn 0.000000 1.000000 0.000000
vn 0.000000 1.000000 0.000000
vn 0.000000 1.000000 0.000000
vn 0.000000 1.000000 0.000000
vn 0.000000 1.000000 0.000000
vn 0.000000 1.000000 0.000000
vn 0.000000 1.000000 0.000000
vn 0.000000 1.000000 0.000000
vn 0.000000 1.000000 0.000000
vn 0.000000 1.000000 0.000000
vn 0.000000 1.000000 0.000000
vn 0.000000 1.000000 0.000000
vn 0.000000 1.000000 0.000000
vn -0.810697 0.585466 0.000000
vn -0.810697 0.585466 0.000000
vn 0.000000 1.000000 0.000000
vn 0.000000 1.000000 0.000000
vn 0.000000 1.000000 0.000000
vn 0.000000 1.000000 0.000000
vn 0.810697 0.585466 0.000000
vn 0.810697 0.585466 0.000000
vn 0.000000 1.000000 0.000000
vn 0.000000 1.000000 0.000000
vn 0.000000 1.000000 0.000000
vn 0.000000 1.000000 0.000000
vn 0.000000 1.000000 0.000000
vn 0.000000 1.000000 0.000000
vn 0.000000 1.000000 0.000000
vn 0.000000 1.000000 0.000000
vn 0.000000 1.000000 0.000000
vn 0.000000 1.000000 0.000000
vn 0.000000 1.000000 0.000000
vn 0.000000 1.000000 0.000000
vn 0.000000 1.000000 0.000000
vn -0.810697 0.585466 0.000000
vn -0.810697 0.585466 0.000000
vn 0.000000 1.000000 0.000000
vn 0.000000 1.000000 0.000000
vn 0.000000 1.000000 0.000000
vn 0.000000 1.000000 0.000000
vn 0.810697 0.585466 0.000000
vn 0.810697 0.585466 0.000000
vn 0.000000 1.000000 0.000000
vn 0.000000 1.000000 0.000000
vn 0.000000 1.000000 0.000000
vn 0.000000 1.000000 0.000000
vn 0.000000 1.000000 0.000000
vn 0.000000 1.000000 0.000000
vn 0.000000 1.000000 0.000000
vn 0.000000 1.000000 0.000000
vn 0.000000 1.000000 0.000000
vn 0.000000 1.000000 0.000000
vn 0.000000 1.000000 0.000000
vn 0.000000 1.000000 0.000000
vn 0.000000 1.000000 0.000000
vn -0.810697 0.585466 0.000000
vn -0.810697 0.585466 0.000000
vn 0.000000 1.000000 0.000000
vn 0.000000 1.000000 0.000000
vn 0.000000 1.000000 0.000000
vn 0.000000 1.000000 0.000000
vn 0.810697 0.585466 0.000000
vn 0.810697 0.585466 0.000000
vn 0.000000 1.000000 0.000000
vn 0.000000 1.000000 0.000000
vn 0.000000 1.000000 0.000000
vn 0.000000 1.000000 0.000000
vn 0.000000 1.000000 0.000000
vn 0.000000 1.000000 0.000000
vn 0.000000 1.000000 0.000000
vn 0.000000 1.000000 0.000000
vn 0.000000 1.000000 0.000000
vn 0.000000 1.000000 0.000000
vn 0.000000 1.000000 0.000000
vn 0.000000 1.000000 0.000000
vn 0.000000 1.000000 0.000000
vn -0.810697 0.585466 0.000000
vn -0.810697 0.585466 0.000000
vn 0.000000 1.000000 0.000000
vn 0.000000 1.000000 0.000000
vn 0.000000 1.000000 0.000000
vn 0.000000 1.000000 0.000000
vn 0.810697 0.585466 0.000000
vn 0.810697 0.585466 0.000000
vn 0.000000 1.000000 0.000000
vn 0.000000 1.000000 0.000000
vn 0.000000 1.000000 0.000000
vn 0.000000 1.000000 0.000000
vn 0.000000 1.000000 0.000000
vn 0.000000 1.000000 0.000000
vn 0.000000 1.000000 0.000000
vn 0.000000 1.000000 0.000000
vn 0.000000 1.000000 0.000000
vn 0.000000 1.000000 0.000000
vn 0.000000 1.000000 0.000000
vn 0.000000 1.000000 0.000000
vn 0.000000 1.000000 0.000000
vn -0.810697 0.585466 0.000000
vn -0.810697 0.585466 0.000000
vn 0.000000 1.000000 0.000000
vn 0.000000 1.000000 0.000000
vn 0.000000 1.000000 0.000000
vn 0.000000 1.000000 0.000000
vn 0.810697 0.585466 0.000000
vn 0.810697 0.585466 0.000000
vn 0.000000 1.000000 0.000000
vn 0.000000 1.000000 0.000000
vn 0.000000 1.000000 0.000000
vn 0.000000 1.000000 0.000000
vn 0.000000 1.000000 0.000000
vn 0.000000 1.000000 0.000000
vn 0.000000 1.000000 0.000000
vn 0.000000 1.000000 0.000000
vn 0.000000 1.000000 0.000000
vn 0.000000 1.000000 0.000000
vn 0.000000 1.000000 0.000000
vn 0.000000 1.000000 0.000000
vn 0.000000 1.000000 0.000000
vn -0.810697 0.585466 0.000000
vn -0.810697 0.585466 0.000000
vn 0.000000 1.000000 0.000000
vn 0.000000 1.000000 0.000000
vn 0.000000 1.000000 0.000000
vn 0.000000 1.000000 0.000000
vn 0.810697 0.585466 0.000000
vn 0.810697 0.585466 0.000000
vn 0.000000 1.000000 0.000000
vn 0.000000 1.000000 0.000000
vn 0.000000 1.000000 0.000000
vn 0.000000 1.000000 0.000000
vn 0.000000 1.000000 0.000000
vn 0.000000 1.000000 0.000000
vn 0.000000 1.000000 0.000000
vn 0.000000 1.000000 0.000000
vn 0.000000 1.000000 0.000000
vn 0.000000 1.000000 0.000000
vn 0.000000 1.000000 0.000000
vn 0.000000 1.000000 0.000000
vn 0.000000 1.000000 0.000000
vn -0.810697 0.585466 0.000000
vn -0.810697 0.585466 0.000000
vn 0.000000 1.000000 0.000000
vn 0.000000 1.000000 0.000000
vn 0.000000 1.000000 0.000000
vn 0.000000 1.000000 0.000000
vn 0.810697 0.585466 0.000000
vn 0.810697 0.585466 0.000000
vn 0.000000 1.000000 0.000000
vn 0.000000 1.000000 0.000000
vn 0.000000 1.000000 0.000000
vn 0.000000 1.000000 0.000000
vn 0.000000 1.000000 0.000000
vn 0.000000 1.000000 0.000000
vn 0.000000 1.000000 0.000000
vn 0.000000 1.000000 0.000000
vn 0.000000 1.000000 0.000000
vn 0.000000 1.000000 0.000000
vn 0.000000 1.000000 0.000000
vn 0.000000 1.000000 0.000000
vn 0.000000 1.000000 0.000000
vn -0.810697 0.585466 0.000000
vn -0.810697 0.585466 0.000000
vn 0.000000 1.000000 0.000000
vn 0.000000 1.000000 0.000000
vn 0.000000 1.000000 0.000000
vn 0.000000 1.000000 0.000000
vn 0.810697 0.585466 0.000000
vn 0.810697 0.585466 0.000000
vn 0.000000 1.000000 0.000000
vn 0.000000 1.000000 0.000000
vn 0.000000 1.000000 0.000000
vn 0.000000 1.000000 0.000000
vn 0.000000 1.000000 0.000000
vn 0.000000 1.000000 0.000000
vn 0.000000 1.000000 0.000000
vn 0.000000 1.000000 0.000000
vn 0.000000 1.000000 0.000000
vn 0.000000 1.000000 0.000000
vn 0.000000 1.000000 0.000000
vn 0.000000 1.000000 0.000000
vn 0.000000 1.000000 0.000000
vn -0.810697 0.585466 0.000000
vn -0.810697 0.585466 0.000000
vn 0.000000 1.000000 0.000000
vn 0.000000 1.000000 0.000000
vn 0.000000 1.000000 0.000000
vn 0.000000 1.000000 0.000000
vn 0.810697 0.585466 0.000000
vn 0.810697 0.585466 0.000000
vn 0.000000 1.000000 0.000000
vn 0.000000 1.000000 0.000000
vn 0.000000 1.000000 0.000000
vn 0.000000 1.000000 0.000000
vn 0.000000 1.000000 0.000000
vn 0.000000 1.000000 0.000000
vn 0.000000 1.000000 0.000000
vn 0.000000 1.000000 0.000000
vn 0.000000 1.000000 0.000000
vn 0.000000 1.000000 0.000000
vn 0.000000 1.000000 0.000000
vn 0.000000 1.000000 0.000000
vn 0.000000 1.000000 0.000000
vn -0.810697 0.585466 0.000000
vn -0.810697 0.585466 0.000000
vn 0.000000 1.000000 0.000000
vn 0.000000 1.000000 0.000000
vn 0.000000 1.000000 0.000000
vn 0.000000 1.000000 0.000000
vn 0.810697 0.585466 0.000000
vn 0.810697 0.585466 0.000000
vn 0.000000 1.000000 0.000000
vn 0.000000 1.000000 0.000000
vn 0.000000 1.000000 0.000000
vn 0.000000 1.000000 0.000000
vn 0.000000 1.000000 0.000000
vn 0.000000 1.000000 0.000000
vn 0.000000 1.000000 0.000000
vn 0.000000 1.000000 0.000000
vn 0.000000 1.000000 0.000000
vn 0.000000 1.000000 0.000000
vn 0.000000 1.000000 0.000000
vn 0.000000 1.000000 0.000000
vn 0.000000 1.000000 0.000000
vn -0.810697 0.585466 0.000000
vn -0.810697 0.585466 0.000000
vn 0.000000 1.000000 0.000000
vn 0.000000 1.000000 0.000000
vn 0.000000 1.000000 0.000000
vn 0.000000 1.000000 0.000000
vn 0.810697 0.585466 0.000000
vn 0.810697 0.585466 0.000000
vn 0.000000 1.000000 0.000000
vn 0.000000 1.000000 0.000000
vn 0.000000 1.000000 0.000000
vn 0.000000 1.000000 0.000000
vn 0.000000 1.000000 0.000000
vn 0.000000 1.000000 0.000000
vn 0.000000 1.000000 0.000000
vn 0.000000 1.000000 0.000000
vn 0.000000 1.000000 0.000000
vn 0.000000 1.000000 0.000000
vn 0.000000 1.000000 0.000000
vn 0.000000 1.000000 0.000000
vn 0.000000 1.000000 0.000000
vn -0.810697 0.585466 0.000000
vn -0.810697 0.585466 0.000000
vn 0.000000 1.000000 0.000000
vn 0.000000 1.000000 0.000000
vn 0.000000 1.000000 0.000000
vn 0.000000 1.000000 0.000000
vn 0.810697 0.585466 0.000000
vn 0.810697 0.585466 0.000000
vn 0.000000 1.000000 0.000000
vn 0.000000 1.000000 0.000000
vn 0.000000 1.000000 0.000000
vn 0.000000 1.000000 0.000000
vn 0.000000 1.000000 0.000000
vn 0.000000 1.000000 0.000000
vn 0.000000 1.000000 0.000000
vn 0.000000 1.000000 0.000000
vn 0.000000 1.000000 0.000000
vn 0.000000 1.000000 0.000000
vn 0.000000 1.000000 0.000000
vn 0.000000 1.000000 0.000000
vn 0.000000 1.000000 0.000000
vn -0.810697 0.585466 0.000000
vn -0.810697 0.585466 0.000000
vn 0.000000 1.000000 0.000000
vn 0.000000 1.000000 0.000000
vn 0.000000 1.000000 0.000000
vn 0.000000 1.000000 0.000000
vn 0.810697 0.585466 0.000000
vn 0.810697 0.585466 0.000000
vn 0.000000 1.000000 0.000000
vn 0.000000 1.000000 0.000000
vn 0.000000 1.000000 0.000000
vn 0.000000 1.000000 0.000000
vn 0.000000 1.000000 0.000000
vn 0.000000 1.000000 0.000000
vn 0.000000 1.000000 0.000000
vn 0.000000 1.000000 0.000000
vn 0.000000 1.000000 0.000000
vn 0.000000 1.000000 0.000000
vn 0.000000 1.000000 0.000000
vn 0.000000 1.000000 0.000000
vn 0.000000 1.000000 0.000000
vn -0.810697 0.585466 0.000000
vn -0.810697 0.585466 0.000000
vn 0.000000 1.000000 0.000000
vn 0.000000 1.000000 0.000000
vn 0.000000 1.000000 0.000000
vn 0.000000 1.000000 0.000000
vn 0.810697 0.585467 0.000000
vn 0.810697 0.585467 0.000000
vn 0.000000 1.000000 0.000000
vn 0.000000 1.000000 0.000000
vn 0.000000 1.000000 0.000000
vn 0.000000 1.000000 0.000000
vn 0.000000 1.000000 0.000000
vn 0.000000 1.000000 0.000000
vn 0.000000 1.000000 0.000000
vn 0.000000 1.000000 0.000000
vn 0.000000 1.000000 0.000000
vn 0.000000 1.000000 0.000000
vn 0.000000 1.000000 0.000000
vn 0.000000 1.000000 0.000000
vn 0.000000 1.000000 0.000000
vn -0.810697 0.585467 0.000000
vn -0.810697 0.585467 0.000000
vn 0.000000 1.000000 0.000000
vn 0.000000 1.000000 0.000000
vn 0.000000 0.000000 -1.000000
vn 0.000000 0.000000 -1.000000
vn 0.000000 0.000000 -1.000000
vn 0.000000 0.000000 -1.000000
vn 0.000000 0.000000 -1.000000
vn 0.000000 0.000000 -1.000000
vn 0.000000 0.000000 -1.000000
vn 0.000000 0.000000 -1.000000
vn 0.000000 0.000000 -1.000000
vn 0.000000 0.000000 -1.000000
vn 0.000000 0.000000 -1.000000
vn 0.000000 0.000000 -1.000000
vn 0.000000 0.000000 -1.000000
vn 0.000000 0.000000 -1.000000
vn 0.000000 0.000000 -1.000000
vn 0.000000 0.000000 -1.000000
vn 0.000000 0.000000 -1.000000
vn 0.000000 0.000000 -1.000000
vn 0.000000 0.000000 -1.000000
vn 0.000000 0.000000 -1.000000
vn 0.000000 0.000000 -1.000000
vn 0.000000 0.000000 -1.000000
vn 0.000000 0.000000 -1.000000
vn 0.000000 0.000000 -1.000000
vn 0.000000 0.000000 -1.000000
vn 0.000000 0.000000 -1.000000
vn 0.000000 0.000000 -1.000000
vn 0.000000 0.000000 -1.000000
vn 0.000000 0.000000 -1.000000
vn 0.000000 0.000000 -1.000000
vn 0.000000 0.000000 -1.000000
vn 0.000000 0.000000 -1.000000
vn 0.000000 0.000000 -1.000000
vn 0.000000 0.000000 -1.000000
vn 0.000000 0.000000 -1.000000
vn -0.000001 0.000000 -1.000000
vn 0.000000 0.000000 -1.000000
vn -0.000000 0.000000 -1.000000
vn 0.000000 0.000000 -1.000000
vn 0.000000 0.000000 -1.000000
vn 0.000000 0.000000 -1.000000
vn 0.000000 0.000000 -1.000000
vn 0.000000 0.000000 -1.000000
vn 0.000000 0.000000 -1.000000
vn 0.000000 0.000000 -1.000000
vn 0.000000 0.000000 -1.000000
vn 0.000000 0.000000 -1.000000
vn 0.000000 0.000000 -1.000000
vn 0.000000 0.000000 -1.000000
vn 0.000000 0.000000 -1.000000
vn 0.000000 0.000000 -1.000000
vn 0.000000 0.000000 -1.000000
vn 0.000000 0.000000 -1.000000
vn 0.000000 0.000000 -1.000000
vn 0.000000 0.000000 -1.000000
vn 0.000000 0.000000 -1.000000
vn 0.000000 0.000000 -1.000000
vn 0.000000 0.000000 -1.000000
vn 0.000000 0.000000 -1.000000
vn -0.000001 0.000000 -1.000000
vn -0.000000 0.000000 -1.000000
vn 0.000000 0.000000 -1.000000
vn 0.000000 0.000000 -1.000000
vn 0.000000 -1.000000 0.000000
vn 0.000000 -1.000000 0.000000
vn 0.000000 -1.000000 0.000000
vn 0.000000 -1.000000 0.000000
vn 0.000000 -1.000000 0.000000
vn 0.000000 -1.000000 0.000000
vn 0.000000 -1.000000 0.000000
vn 0.000000 -1.000000 0.000000
vn 0.000000 -1.000000 0.000000
vn 0.000000 -1.000000 0.000000
vn 0.000000 -1.000000 0.000000
vn 0.000000 -1.000000 0.000000
vn 0.000000 -1.000000 0.000000
vn 0.000000 -1.000000 0.000000
vn 0.000000 -1.000000 0.000000
vn 0.000000 -1.000000 0.000000
vn 0.000000 -1.000000 0.000000
vn 0.000000 -1.000000 0.000000
vn 0.000000 -1.000000 0.000000
vn 0.000000 -1.000000 0.000000
vn 0.000000 -1.000000 0.000000
vn 0.000000 -1.000000 0.000000
vn 0.000000 -1.000000 0.000000
vn 0.000000 -1.000000 0.000000
vn 0.000000 -1.000000 0.000000
vn 0.000000 -1.000000 0.000000
vn 0.000000 -1.000000 0.000000
vn 0.000000 -1.000000 0.000000
vn 0.000000 -1.000000 0.000000
vn 0.000000 -1.000000 0.000000
vn 0.000000 -1.000000 0.000000
vn 0.000000 -1.000000 0.000000
vn 0.000000 -1.000000 0.000000
vn 0.000000 -1.000000 0.000000
vn 0.000000 -1.000000 0.000000
vn 0.000000 -1.000000 0.000000
vn 0.000000 -1.000000 0.000000
vn 0.000000 -1.000000 0.000000
vn 0.000000 -1.000000 0.000000
vn 0.000000 -1.000000 0.000000
vn 0.000000 -1.000000 0.000000
vn 0.000000 -1.000000 0.000000
vn 0.000000 -1.000000 0.000000
vn 0.000000 -1.000000 0.000000
vn 0.000000 -1.000000 0.000000
vn 0.000000 -1.000000 0.000000
vn 0.000000 -1.000000 0.000000
vn 0.000000 -1.000000 0.000000
vn 0.000000 -1.000000 0.000000
vn 0.000000 -1.000000 0.000000
vn 0.000000 -1.000000 0.000000
vn 0.000000 -1.000000 0.000000
vn 0.000000 -1.000000 0.000000
vn 0.000000 -1.000000 0.000000
vn 0.000000 -1.000000 0.000000
vn 0.000000 -1.000000 0.000000
vn 0.000000 -1.000000 0.000000
vn 0.000000 -1.000000 0.000000
vn 0.000000 -1.000000 0.000000
vn 0.000000 -1.000000 0.000000
vn 0.000000 -1.000000 0.000000
vn 0.000000 -1.000000 0.000000
vn 0.000000 -1.000000 0.000000
vn 0.000000 -1.000000 0.000000
vn 0.000000 -1.000000 0.000000
vn 0.000000 -1.000000 0.000000
vn 0.000000 -1.000000 0.000000
vn 0.000000 -1.000000 0.000000
vn 0.000000 -1.000000 0.000000
vn 0.000000 -1.000000 0.000000
vn 0.000000 -1.000000 0.000000
vn 0.000000 -1.000000 0.000000
vn 0.000000 -1.000000 0.000000
vn 0.000000 -1.000000 0.000000
vn 0.000000 -1.000000 0.000000
vn 0.000000 -1.000000 0.000000
vn 0.000000 -1.000000 0.000000
vn 0.000000 -1.000000 0.000000
vn 0.000000 -1.000000 0.000000
vn 0.000000 -1.000000 0.000000
vn 0.000000 -1.000000 0.000000
vn 0.000000 -1.000000 0.000000
vn 0.000000 -1.000000 0.000000
vn 0.000000 -1.000000 0.000000
vn 0.000000 -1.000000 0.000000
vn 0.000000 -1.000000 0.000000
vn 0.000000 -1.000000 0.000000
vn 0.000000 -1.000000 0.000000
vn 0.000000 -1.000000 0.000000
vn 0.000000 -1.000000 0.000000
vn 0.000000 -1.000000 0.000000
vn 0.000000 -1.000000 0.000000
vn 0.000000 -1.000000 0.000000
vn 0.000000 -1.000000 0.000000
vn 0.000000 -1.000000 0.000000
vn 0.000000 -1.000000 0.000000
vn 0.000000 -1.000000 0.000000
vn 0.000000 -1.000000 0.000000
vn 0.000000 -1.000000 0.000000
vn 0.000000 -1.000000 0.000000
vn 0.000000 -1.000000 0.000000
vn 0.000000 -1.000000 0.000000
vn 0.000000 -1.000000 0.000000
vn 0.000000 -1.000000 0.000000
vn 0.000000 -1.000000 0.000000
vn 0.000000 -1.000000 0.000000
vn 0.000000 -1.000000 0.000000
vn 0.000000 -1.000000 0.000000
vn 0.000000 -1.000000 0.000000
vn 0.000000 -1.000000 0.000000
vn 0.000000 -1.000000 0.000000
vn 0.000000 -1.000000 0.000000
vn 0.000000 -1.000000 0.000000
vn 0.000000 -1.000000 0.000000
vn 0.000000 -1.000000 0.000000
vn 0.000000 -1.000000 0.000000
vn 0.000000 -1.000000 0.000000
vn 0.000000 -1.000000 0.000000
vn 0.000000 -1.000000 0.000000
vn 0.000000 -1.000000 0.000000
vn 0.000000 -1.000000 0.000000
vn 0.000000 -1.000000 0.000000
vn 0.000000 -1.000000 0.000000
vn 0.000000 -1.000000 0.000000
vn 0.000000 -1.000000 0.000000
vn 0.000000 -1.000000 0.000000
vn 0.000000 -1.000000 0.000000
vn 0.000000 -1.000000 0.000000
vn 0.000000 -1.000000 0.000000
vn 0.000000 -1.000000 0.000000
vn 0.000000 -1.000000 0.000000
vn 0.000000 -1.000000 0.000000
vn 0.000000 -1.000000 0.000000
vn 0.000000 -1.000000 0.000000
vn 0.000000 -1.000000 0.000000
vn 0.000000 -1.000000 0.000000
vn 0.000000 -1.000000 0.000000
vn 0.000000 -1.000000 0.000000
vn 0.000000 -1.000000 0.000000
vn 0.000000 -1.000000 0.000000
vn 0.000000 -1.000000 0.000000
vn 0.000000 -1.000000 0.000000
vn 0.000000 -1.000000 0.000000
vn 0.000000 -1.000000 0.000000
vn 0.000000 -1.000000 0.000000
vn 0.000000 -1.000000 0.000000
vn 0.000000 -1.000000 0.000000
vn 0.000000 -1.000000 0.000000
vn 0.000000 -1.000000 0.000000
vn 0.000000 -1.000000 0.000000
vn 0.000000 -1.000000 0.000000
vn 0.000000 -1.000000 0.000000
vn 0.000000 -1.000000 0.000000
vn 0.000000 -1.000000 0.000000
vn 0.000000 -1.000000 0.000000
vn 0.000000 -1.000000 0.000000
vn 0.000000 -1.000000 0.000000
vn 0.000000 -1.000000 0.000000
vn 0.000000 -1.000000 0.000000
vn 0.000000 -1.000000 0.000000
vn 0.000000 -1.000000 0.000000
vn 0.000000 -1.000000 0.000000
vn 0.000000 -1.000000 0.000000
vn 0.000000 -1.000000 0.000000
vn 0.000000 -1.000000 0.000000
vn 0.000000 -1.000000 0.000000
vn 0.000000 -1.000000 0.000000
vn 0.000000 -1.000000 0.000000
vn 0.000000 -1.000000 0.000000
vn 0.000000 -1.000000 0.000000
vn 0.000000 -1.000000 0.000000
vn 0.000000 -1.000000 0.000000
vn 0.000000 -1.000000 0.000000
vn 0.000000 -1.000000 0.000000
vn 0.000000 -1.000000 0.000000
vn 0.000000 -1.000000 0.000000
vn 0.000000 -1.000000 0.000000
vn 0.000000 -1.000000 0.000000
vn 0.000000 -1.000000 0.000000
vn 0.000000 -1.000000 0.000000
vn 0.000000 -1.000000 0.000000
vn 0.000000 -1.000000 0.000000
vn 0.000000 -1.000000 0.000000
vn 0.000000 -1.000000 0.000000
vn 0.000000 -1.000000 0.000000
vn 0.000000 -1.000000 0.000000
vn 0.000000 -1.000000 0.000000
vn 0.000000 -1.000000 0.000000
vn 0.000000 -1.000000 0.000000
vn 0.000000 -1.000000 0.000000
vn 0.000000 -1.000000 0.000000
vn 0.000000 -1.000000 0.000000
vn 0.000000 -1.000000 0.000000
vn 0.000000 -1.000000 0.000000
vn 0.000000 -1.000000 0.000000
vn 0.000000 -1.000000 0.000000
vn 0.000000 -1.000000 0.000000
vn 0.000000 -1.000000 0.000000
vn 0.000000 -1.000000 0.000000
vn 0.000000 -1.000000 0.000000
vn 0.000000 -1.000000 0.000000
vn 0.000000 -1.000000 0.000000
vn 0.000000 -1.000000 0.000000
vn 0.000000 -1.000000 0.000000
vn 0.000000 -1.000000 0.000000
vn 0.000000 -1.000000 0.000000
vn 0.000000 -1.000000 0.000000
vn 0.000000 -1.000000 0.000000
vn 0.000000 -1.000000 0.000000
vn 0.000000 -1.000000 0.000000
vn 0.000000 -1.000000 0.000000
vn 0.000000 -1.000000 0.000000
vn 0.000000 -1.000000 0.000000
vn 0.000000 -1.000000 0.000000
vn 0.000000 -1.000000 0.000000
vn 0.000000 -1.000000 0.000000
vn 0.000000 -1.000000 0.000000
vn 0.000000 -1.000000 0.000000
vn 0.000000 -1.000000 0.000000
vn 0.000000 -1.000000 0.000000
vn 0.000000 -1.000000 0.000000
vn 0.000000 -1.000000 0.000000
vn 0.000000 -1.000000 0.000000
vn 0.000000 -1.000000 0.000000
vn 0.000000 -1.000000 0.000000
vn 0.000000 -1.000000 0.000000
vn 0.000000 -1.000000 0.000000
vn 0.000000 -1.000000 0.000000
vn 0.000000 -1.000000 0.000000
vn 0.000000 -1.000000 0.000000
vn 0.000000 -1.000000 0.000000
vn 0.000000 -1.000000 0.000000
vn 0.000000 -1.000000 0.000000
vn 0.000000 -1.000000 0.000000
vn 0.000000 -1.000000 0.000000
vn 0.000000 -1.000000 0.000000
vn 0.000000 -1.000000 0.000000
vn 0.000000 -1.000000 0.000000
vn 0.000000 -1.000000 0.000000
vn 0.000000 -1.000000 0.000000
vn 0.000000 -1.000000 0.000000
vn 0.000000 -1.000000 0.000000
vn 0.000000 -1.000000 0.000000
vn 0.000000 -1.000000 0.000000
vn 0.000000 -1.000000 0.000000
vn 0.000000 -1.000000 0.000000
vn 0.000000 -1.000000 0.000000
vn 0.000000 -1.000000 0.000000
vn 0.000000 -1.000000 0.000000
vn 0.000000 -1.000000 0.000000
vn 0.000000 -1.000000 0.000000
vn 0.000000 -1.000000 0.000000
vn 0.000000 -1.000000 0.000000
vn 0.000000 -1.000000 0.000000
vn 0.000000 -1.000000 0.000000
vn 0.000000 -1.000000 0.000000
vn 0.000000 -1.000000 0.000000
vn 0.000000 -1.000000 0.000000
vn 0.000000 -1.000000 0.000000
vn 0.000000 -1.000000 0.000000
vn 0.000000 -1.000000 0.000000
vn 0.000000 -1.000000 0.000000
vn 0.000000 -1.000000 0.000000
vn 0.000000 -1.000000 0.000000
vn 0.000000 -1.000000 0.000000
vn 0.000000 -1.000000 0.000000
vn 0.000000 -1.000000 0.000000
vn 0.000000 -1.000000 0.000000
vn 0.000000 -1.000000 0.000000
vn 0.000000 -1.000000 0.000000
vn 0.000000 -1.000000 0.000000
vn 0.000000 -1.000000 0.000000
vn 0.000000 -1.000000 0.000000
vn 0.000000 -1.000000 0.000000
vn 0.000000 -1.000000 0.000000
vn 0.000000 -1.000000 0.000000
vn 0.000000 -1.000000 0.000000
vn 0.000000 -1.000000 0.000000
vn 0.000000 -1.000000 0.000000
vn 0.000000 -1.000000 0.000000
vn 0.000000 -1.000000 0.000000
vn 0.000000 -1.000000 0.000000
vn 0.000000 -1.000000 0.000000
vn 0.000000 -1.000000 0.000000
vn 0.000000 -1.000000 0.000000
vn 0.000000 -1.000000 0.000000
vn 0.000000 -1.000000 0.000000
vn 0.000000 -1.000000 0.000000
vn 0.000000 -1.000000 0.000000
vn 0.000000 -1.000000 0.000000
vn 0.000000 -1.000000 0.000000
vn 0.000000 -1.000000 0.000000
vn 0.000000 -1.000000 0.000000
vn 0.000000 -1.000000 0.000000
vn 0.000000 -1.000000 0.000000
vn 0.000000 -1.000000 0.000000
vn 0.000000 -1.000000 0.000000
vn 0.000000 -1.000000 0.000000
vn 0.000000 -1.000000 0.000000
vn 0.000000 -1.000000 0.000000
vn 0.000000 -1.000000 0.000000
vn 0.000000 -1.000000 0.000000
vn 0.000000 -1.000000 0.000000
vn 0.000000 -1.000000 0.000000
vn 0.000000 -1.000000 0.000000
vn 0.000000 -1.000000 0.000000
vn 0.000000 -1.000000 0.000000
vn 0.000000 -1.000000 0.000000
vn 0.000000 -1.000000 0.000000
vn 0.000000 -1.000000 0.000000
vn 0.000000 -1.000000 0.000000
vn 0.000000 -1.000000 0.000000
vn 0.000000 -1.000000 0.000000
vn 0.000000 -1.000000 0.000000
vn 0.000000 -1.000000 0.000000
vn 0.000000 -1.000000 0.000000
vn 0.000000 -1.000000 0.000000
vn 0.000000 -1.000000 0.000000
vn 0.000000 -1.000000 0.000000
vn 0.000000 -1.000000 0.000000
vn 0.000000 -1.000000 0.000000
vn 0.000000 -1.000000 0.000000
vn 0.000000 -1.000000 0.000000
vn 0.000000 -1.000000 0.000000
vn 0.000000 -1.000000 0.000000
vn 0.000000 -1.000000 0.000000
vn 0.000000 -1.000000 0.000000
vn 0.000000 -1.000000 0.000000
vn 0.000000 -1.000000 0.000000
vn 0.000000 -1.000000 0.000000
vn 0.000000 -1.000000 0.000000
vn 0.000000 -1.000000 0.000000
vn 0.000000 -1.000000 0.000000
vn 0.000000 -1.000000 0.000000
vn 0.000000 -1.000000 0.000000
vn 0.000000 -1.000000 0.000000
vn 0.000000 -1.000000 0.000000
vn 0.000000 -1.000000 0.000000
vn 0.000000 -1.000000 0.000000
vn 0.000000 -1.000000 0.000000
vn 0.000000 -1.000000 0.000000
vn 0.000000 -1.000000 0.000000
vn 0.000000 -1.000000 0.000000
vn 0.000000 -1.000000 0.000000
vn 0.000000 -1.000000 0.000000
vn 0.000000 -1.000000 0.000000
vn 0.000000 -1.000000 0.000000
vn 0.000000 -1.000000 0.000000
vn 0.000000 -1.000000 0.000000
vn 0.000000 -1.000000 0.000000
vn 0.000000 -1.000000 0.000000
vn 0.000000 -1.000000 0.000000
vn 0.000000 -1.000000 0.000000
vn 0.000000 -1.000000 0.000000
vn 0.000000 -1.000000 0.000000
vn 0.000000 -1.000000 0.000000
vn 0.000000 -1.000000 0.000000
vn 0.000000 -1.000000 0.000000
vn 0.000000 -1.000000 0.000000
vn 0.000000 -1.000000 0.000000
vn 0.000000 -1.000000 0.000000
vn 0.000000 -1.000000 0.000000
vn 0.000000 -1.000000 0.000000
vn 0.000000 -1.000000 0.000000
vn 0.000000 -1.000000 0.000000
vn 0.000000 -1.000000 0.000000
vn 0.000000 -1.000000 0.000000
vn 0.000000 -1.000000 0.000000
vn 0.000000 -1.000000 0.000000
vn 0.000000 -1.000000 0.000000
vn 0.000000 -1.000000 0.000000
vn 0.000000 -1.000000 0.000000
vn 0.000000 -1.000000 0.000000
vn 0.000000 -1.000000 0.000000
vn 0.000000 -1.000000 0.000000
vn 0.000000 -1.000000 0.000000
vn 0.000000 -1.000000 0.000000
vn 0.000000 -1.000000 0.000000
vn 0.000000 -1.000000 0.000000
vn 0.000000 -1.000000 0.000000
vn 0.000000 -1.000000 0.000000
vn 0.000000 -1.000000 0.000000
vn 0.000000 -1.000000 0.000000
vn 0.000000 -1.000000 0.000000
vn 0.000000 -1.000000 0.000000
vn 0.000000 -1.000000 0.000000
vn 0.000000 -1.000000 0.000000
vn 0.000000 -1.000000 0.000000
vn 0.000000 -1.000000 0.000000
vn 0.000000 -1.000000 0.000000
vn 0.000000 -1.000000 0.000000
vn 0.000000 -1.000000 0.000000
vn 0.000000 -1.000000 0.000000
vn 0.000000 -1.000000 0.000000
vn 0.000000 -1.000000 0.000000
vn 0.000000 -1.000000 0.000000
vn 0.000000 -1.000000 0.000000
vn 0.000000 -1.000000 0.000000
vn 0.000000 -1.000000 0.000000
vn 0.000000 -1.000000 0.000000
vn 0.000000 -1.000000 0.000000
vn 0.000000 -1.000000 0.000000
vn 0.000000 -1.000000 0.000000
vn 0.000000 -1.000000 0.000000
vn 0.000000 -1.000000 0.000000
vn 0.000000 -1.000000 0.000000
vn 0.000000 -1.000000 0.000000
vn 0.000000 -1.000000 0.000000
vn 0.000000 -1.000000 0.000000
vn 0.000000 -1.000000 0.000000
vn 0.000000 -1.000000 0.000000
vn 0.000000 -1.000000 0.000000
vn 0.000000 -1.000000 0.000000
vn 0.000000 -1.000000 0.000000
vn 0.000000 -1.000000 0.000000
vn 0.000000 -1.000000 0.000000
vn 0.000000 -1.000000 0.000000
vn 0.000000 -1.000000 0.000000
vn 0.000000 -1.000000 0.000000
vn 0.000000 -1.000000 0.000000
vn 0.000000 -1.000000 0.000000
vn 0.000000 -1.000000 0.000000
vn 0.000000 -1.000000 0.000000
vn 0.000000 -1.000000 0.000000
vn 0.000000 -1.000000 0.000000
vn 0.000000 -1.000000 0.000000
vn 0.000000 -1.000000 0.000000
vn 0.000000 -1.000000 0.000000
vn 0.000000 -1.000000 0.000000
vn 0.000000 -1.000000 0.000000
vn 0.000000 -1.000000 0.000000
vn 0.000000 -1.000000 0.000000
vn 0.000000 -1.000000 0.000000
vn 0.000000 -1.000000 0.000000
vn 0.000000 -1.000000 0.000000
vn 0.000000 -1.000000 0.000000
vn 0.000000 -1.000000 0.000000
vn 0.000000 -1.000000 0.000000
vn 0.000000 -1.000000 0.000000
vn 0.000000 -1.000000 0.000000
vn 0.000000 -1.000000 0.000000
vn 1.000000 0.000000 0.000000
vn 1.000000 0.000000 0.000000
vn 1.000000 0.000000 0.000000
vn 1.000000 0.000000 0.000000
vn 1.000000 0.000000 0.000000
vn 1.000000 0.000000 0.000000
vn 1.000000 0.000000 0.000000
vn 1.000000 0.000000 0.000000
vn 1.000000 0.000000 0.000000
vn 1.000000 0.000000 0.000000
vn 1.000000 0.000000 0.000000
vn 1.000000 0.000000 0.000000
vn 1.000000 0.000000 0.000000
vn 1.000000 0.000000 0.000000
vn 1.000000 0.000000 0.000000
vn 1.000000 0.000000 0.000000
vn 1.000000 0.000000 0.000000
vn 1.000000 0.000000 0.000000
vn 1.000000 0.000000 0.000000
vn 1.000000 0.000000 0.000000
vn 1.000000 0.000000 0.000000
vn 1.000000 0.000000 0.000000
vn 1.000000 0.000000 0.000000
vn 1.000000 0.000000 0.000000
vn 1.000000 0.000000 0.000000
vn 1.000000 0.000000 0.000000
vn 1.000000 0.000000 0.000000
vn 1.000000 0.000000 0.000000
vn 1.000000 0.000000 0.000000
vn 1.000000 0.000000 0.000000
vn 1.000000 0.000000 0.000000
vn 1.000000 0.000000 0.000000
vn 1.000000 0.000000 0.000000
vn 1.000000 0.000000 0.000000
vn 1.000000 0.000000 0.000000
vn 1.000000 0.000000 0.000000
vn 1.000000 0.000000 0.000000
vn 1.000000 0.000000 0.000000
vn 1.000000 0.000000 0.000000
vn 1.000000 0.000000 0.000000
vn 1.000000 0.000000 0.000000
vn 1.000000 0.000000 0.000000
vn 1.000000 0.000000 0.000000
vn 1.000000 0.000000 0.000000
vn 1.000000 0.000000 0.000000
vn 1.000000 0.000000 0.000000
vn 1.000000 0.000000 0.000000
vn 1.000000 0.000000 0.000000
vn 1.000000 0.000000 0.000000
vn 1.000000 0.000000 0.000000
vn 1.000000 0.000000 0.000000
vn 1.000000 0.000000 0.000000
vn 1.000000 0.000000 0.000000
vn 1.000000 0.000000 0.000000
vn 1.000000 0.000000 0.000000
vn 1.000000 0.000000 0.000000
vn 1.000000 0.000000 0.000000
vn 1.000000 0.000000 0.000000
vn 1.000000 0.000000 0.000000
vn 1.000000 0.000000 0.000000
vn 1.000000 0.000000 0.000000
vn 1.000000 0.000000 0.000000
vn 1.000000 0.000000 0.000000
vn -1.000000 0.000000 0.000000
vn -1.000000 0.000000 0.000000
vn -1.000000 0.000000 0.000000
vn -1.000000 0.000000 0.000000
vn -1.000000 0.000000 0.000000
vn -1.000000 0.000000 0.000000
vn -1.000000 0.000000 0.000000
vn -1.000000 0.000000 0.000000
vn -1.000000 0.000000 0.000000
vn -1.000000 0.000000 0.000000
vn -1.000000 0.000000 0.000000
vn -1.000000 0.000000 0.000000
vn -1.000000 0.000000 0.000000
vn -1.000000 0.000000 0.000000
vn -1.000000 0.000000 0.000000
vn -1.000000 0.000000 0.000000
vn -1.000000 0.000000 0.000000
vn -1.000000 0.000000 0.000000
vn -1.000000 0.000000 0.000000
vn -1.000000 0.000000 0.000000
vn -1.000000 0.000000 0.000000
vn -1.000000 0.000000 0.000000
vn -1.000000 0.000000 0.000000
vn -1.000000 0.000000 0.000000
vn -1.000000 0.000000 0.000000
vn -1.000000 0.000000 0.000000
vn -1.000000 0.000000 0.000000
vn -1.000000 0.000000 0.000000
vn -1.000000 0.000000 0.000000
vn -1.000000 0.000000 0.000000
vn -1.000000 0.000000 0.000000
vn -1.000000 0.000000 0.000000
vn -1.000000 0.000000 0.000000
vn -1.000000 0.000000 0.000000
vn -1.000000 0.000000 0.000000
vn -1.000000 0.000000 0.000000
vn -1.000000 0.000000 0.000000
vn -1.000000 0.000000 0.000000
vn -1.000000 0.000000 0.000000
vn -1.000000 0.000000 0.000000
vn -1.000000 0.000000 0.000000
vn -1.000000 0.000000 0.000000
vn -1.000000 0.000000 0.000000
vn -1.000000 0.000000 0.000000
vn -1.000000 0.000000 0.000000
vn -1.000000 0.000000 0.000000
vn -1.000000 0.000000 0.000000
vn -1.000000 0.000000 0.000000
vn -1.000000 0.000000 0.000000
vn -1.000000 0.000000 0.000000
vn -1.000000 0.000000 0.000000
vn -1.000000 0.000000 0.000000
vn -1.000000 0.000000 0.000000
vn -1.000000 0.000000 0.000000
vn -1.000000 0.000000 0.000000
vn -1.000000 0.000000 0.000000
vn -1.000000 0.000000 0.000000
vn -1.000000 0.000000 0.000000
vn -1.000000 0.000000 0.000000
vn -1.000000 0.000000 0.000000
vn -1.000000 0.000000 0.000000
vn -1.000000 0.000000 0.000000
vn -1.000000 0.000000 0.000000
s 1
g pCube1
usemtl initialShadingGroup
f 1/1/1 2/2/2 23/23/3 22/22/4
f 2/2/2 3/3/5 24/24/6 23/23/3
f 3/3/5 4/4/7 25/25/8 24/24/6
f 4/4/7 5/5/9 26/26/10 25/25/8
f 5/5/9 6/6/11 27/27/12 26/26/10
f 6/6/11 7/7/13 28/28/14 27/27/12
f 7/7/13 8/8/15 29/29/16 28/28/14
f 8/8/15 9/9/17 30/30/18 29/29/16
f 9/9/17 10/10/19 31/31/20 30/30/18
f 10/10/19 11/11/21 32/32/22 31/31/20
f 11/11/21 12/12/23 33/33/24 32/32/22
f 12/12/23 13/13/25 34/34/26 33/33/24
f 13/13/25 14/14/27 35/35/28 34/34/26
f 14/14/27 15/15/29 36/36/30 35/35/28
f 15/15/29 16/16/31 37/37/32 36/36/30
f 16/16/31 17/17/33 38/38/34 37/37/32
f 17/17/33 18/18/35 39/39/36 38/38/34
f 18/18/35 19/19/37 40/40/38 39/39/36
f 19/19/37 20/20/39 41/41/40 40/40/38
f 20/20/39 21/21/41 42/42/42 41/41/40
f 22/22/4 23/23/3 44/44/43 43/43/44
f 23/23/3 24/24/6 45/45/45 44/44/43
f 24/24/6 25/25/8 46/46/46 45/45/45
f 25/25/8 26/26/10 47/47/47 46/46/46
f 26/26/10 27/27/12 48/48/48 47/47/47
f 27/27/12 28/28/14 49/49/49 48/48/48
f 28/28/14 29/29/16 50/50/50 49/49/49
f 29/29/16 30/30/18 51/51/51 50/50/50
f 30/30/18 31/31/20 52/52/52 51/51/51
f 31/31/20 32/32/22 53/53/53 52/52/52
f 32/32/22 33/33/24 54/54/54 53/53/53
f 33/33/24 34/34/26 55/55/55 54/54/54
f 34/34/26 35/35/28 56/56/56 55/55/55
f 35/35/28 36/36/30 57/57/57 56/56/56
f 36/36/30 37/37/32 58/58/58 57/57/57
f 37/37/32 38/38/34 59/59/59 58/58/58
f 38/38/34 39/39/36 60/60/60 59/59/59
f 39/39/36 40/40/38 61/61/61 60/60/60
f 40/40/38 41/41/40 62/62/62 61/61/61
f 41/41/40 42/42/42 63/63/63 62/62/62
s 2
f 43/43/64 44/44/65 65/65/66 64/64/67
f 44/44/65 45/45/68 66/66/69 65/65/66
f 45/45/68 46/46/70 67/67/71 66/66/69
f 46/46/70 47/47/72 68/68/73 67/67/71
f 47/47/72 48/48/74 69/69/75 68/68/73
f 48/48/74 49/49/76 70/70/77 69/69/75
f 49/49/76 50/50/78 71/71/79 70/70/77
f 50/50/78 51/51/80 72/72/81 71/71/79
f 51/51/80 52/52/82 73/73/83 72/72/81
f 52/52/82 53/53/84 74/74/85 73/73/83
f 53/53/84 54/54/86 75/75/87 74/74/85
f 54/54/86 55/55/88 76/76/89 75/75/87
f 55/55/88 56/56/90 77/77/91 76/76/89
f 56/56/90 57/57/92 78/78/93 77/77/91
f 57/57/92 58/58/94 79/79/95 78/78/93
f 58/58/94 59/59/96 80/80/97 79/79/95
f 59/59/96 60/60/98 81/81/99 80/80/97
f 60/60/98 61/61/100 82/82/101 81/81/99
f 61/61/100 62/62/102 83/83/103 82/82/101
f 62/62/102 63/63/104 84/84/105 83/83/103
f 64/64/67 65/65/66 86/86/106 85/85/107
f 65/65/66 66/66/69 87/87/108 86/86/106
f 66/66/69 67/67/71 88/88/109 87/87/108
f 67/67/71 68/68/73 89/89/110 88/88/109
f 68/68/73 69/69/75 90/90/111 89/89/110
f 69/69/75 70/70/77 91/91/112 90/90/111
f 70/70/77 71/71/79 92/92/113 91/91/112
f 71/71/79 72/72/81 93/93/114 92/92/113
f 72/72/81 73/73/83 94/94/115 93/93/114
f 73/73/83 74/74/85 95/95/116 94/94/115
f 74/74/85 75/75/87 96/96/117 95/95/116
f 75/75/87 76/76/89 97/97/118 96/96/117
f 76/76/89 77/77/91 98/98/119 97/97/118
f 77/77/91 78/78/93 99/99/120 98/98/119
f 78/78/93 79/79/95 100/100/121 99/99/120
f 79/79/95 80/80/97 101/101/122 100/100/121
f 80/80/97 81/81/99 102/102/123 101/101/122
f 81/81/99 82/82/101 103/103/124 102/102/123
f 82/82/101 83/83/103 104/104/125 103/103/124
f 83/83/103 84/84/105 105/105/126 104/104/125
f 85/85/107 86/86/106 107/107/127 106/106/128
f 86/86/106 87/87/108 108/108/129 107/107/127
f 87/87/108 88/88/109 109/109/130 108/108/129
f 88/88/109 89/89/110 110/110/131 109/109/130
f 89/89/110 90/90/111 111/111/132 110/110/131
f 90/90/111 91/91/112 112/112/133 111/111/132
f 91/91/112 92/92/113 113/113/134 112/112/133
f 92/92/113 93/93/114 114/114/135 113/113/134
f 93/93/114 94/94/115 115/115/136 114/114/135
f 94/94/115 95/95/116 116/116/137 115/115/136
f 95/95/116 96/96/117 117/117/138 116/116/137
f 96/96/117 97/97/118 118/118/139 117/117/138
f 97/97/118 98/98/119 119/119/140 118/118/139
f 98/98/119 99/99/120 120/120/141 119/119/140
f 99/99/120 100/100/121 121/121/142 120/120/141
f 100/100/121 101/101/122 122/122/143 121/121/142
f 101/101/122 102/102/123 123/123/144 122/122/143
f 102/102/123 103/103/124 124/124/145 123/123/144
f 103/103/124 104/104/125 125/125/146 124/124/145
f 104/104/125 105/105/126 126/126/147 125/125/146
f 106/106/128 107/107/127 128/128/148 127/127/149
f 107/107/127 108/108/129 129/129/150 128/128/148
f 108/108/129 109/109/130 130/130/151 129/129/150
f 109/109/130 110/110/131 131/131/152 130/130/151
f 110/110/131 111/111/132 132/132/153 131/131/152
f 111/111/132 112/112/133 133/133/154 132/132/153
f 112/112/133 113/113/134 134/134/155 133/133/154
f 113/113/134 114/114/135 135/135/156 134/134/155
f 114/114/135 115/115/136 136/136/157 135/135/156
f 115/115/136 116/116/137 137/137/158 136/136/157
f 116/116/137 117/117/138 138/138/159 137/137/158
f 117/117/138 118/118/139 139/139/160 138/138/159
f 118/118/139 119/119/140 140/140/161 139/139/160
f 119/119/140 120/120/141 141/141/162 140/140/161
f 120/120/141 121/121/142 142/142/163 141/141/162
f 121/121/142 122/122/143 143/143/164 142/142/163
f 122/122/143 123/123/144 144/144/165 143/143/164
f 123/123/144 124/124/145 145/145/166 144/144/165
f 124/124/145 125/125/146 146/146/167 145/145/166
f 125/125/146 126/126/147 147/147/168 146/146/167
f 127/127/149 128/128/148 149/149/169 148/148/170
f 128/128/148 129/129/150 150/150/171 149/149/169
f 129/129/150 130/130/151 151/151/172 150/150/171
f 130/130/151 131/131/152 152/152/173 151/151/172
f 131/131/152 132/132/153 153/153/174 152/152/173
f 132/132/153 133/133/154 154/154/175 153/153/174
f 133/133/154 134/134/155 155/155/176 154/154/175
f 134/134/155 135/135/156 156/156/177 155/155/176
f 135/135/156 136/136/157 157/157/178 156/156/177
f 136/136/157 137/137/158 158/158/179 157/157/178
f 137/137/158 138/138/159 159/159/180 158/158/179
f 138/138/159 139/139/160 160/160/181 159/159/180
f 139/139/160 140/140/161 161/161/182 160/160/181
f 140/140/161 141/141/162 162/162/183 161/161/182
f 141/141/162 142/142/163 163/163/184 162/162/183
f 142/142/163 143/143/164 164/164/185 163/163/184
f 143/143/164 144/144/165 165/165/186 164/164/185
f 144/144/165 145/145/166 166/166/187 165/165/186
f 145/145/166 146/146/167 167/167/188 166/166/187
f 146/146/167 147/147/168 168/168/189 167/167/188
f 148/148/170 149/149/169 170/170/190 169/169/191
f 149/149/169 150/150/171 171/171/192 170/170/190
f 150/150/171 151/151/172 172/172/193 171/171/192
f 151/151/172 152/152/173 173/173/194 172/172/193
f 152/152/173 153/153/174 174/174/195 173/173/194
f 153/153/174 154/154/175 175/175/196 174/174/195
f 154/154/175 155/155/176 176/176/197 175/175/196
f 155/155/176 156/156/177 177/177/198 176/176/197
f 156/156/177 157/157/178 178/178/199 177/177/198
f 157/157/178 158/158/179 179/179/200 178/178/199
f 158/158/179 159/159/180 180/180/201 179/179/200
f 159/159/180 160/160/181 181/181/202 180/180/201
f 160/160/181 161/161/182 182/182/203 181/181/202
f 161/161/182 162/162/183 183/183/204 182/182/203
f 162/162/183 163/163/184 184/184/205 183/183/204
f 163/163/184 164/164/185 185/185/206 184/184/205
f 164/164/185 165/165/186 186/186/207 185/185/206
f 165/165/186 166/166/187 187/187/208 186/186/207
f 166/166/187 167/167/188 188/188/209 187/187/208
f 167/167/188 168/168/189 189/189/210 188/188/209
f 169/169/191 170/170/190 191/191/211 190/190/212
f 170/170/190 171/171/192 192/192/213 191/191/211
f 171/171/192 172/172/193 193/193/214 192/192/213
f 172/172/193 173/173/194 194/194/215 193/193/214
f 173/173/194 174/174/195 195/195/216 194/194/215
f 174/174/195 175/175/196 196/196/217 195/195/216
f 175/175/196 176/176/197 197/197/218 196/196/217
f 176/176/197 177/177/198 198/198/219 197/197/218
f 177/177/198 178/178/199 199/199/220 198/198/219
f 178/178/199 179/179/200 200/200/221 199/199/220
f 179/179/200 180/180/201 201/201/222 200/200/221
f 180/180/201 181/181/202 202/202/223 201/201/222
f 181/181/202 182/182/203 203/203/224 202/202/223
f 182/182/203 183/183/204 204/204/225 203/203/224
f 183/183/204 184/184/205 205/205/226 204/204/225
f 184/184/205 185/185/206 206/206/227 205/205/226
f 185/185/206 186/186/207 207/207/228 206/206/227
f 186/186/207 187/187/208 208/208/229 207/207/228
f 187/187/208 188/188/209 209/209/230 208/208/229
f 188/188/209 189/189/210 210/210/231 209/209/230
f 190/190/212 191/191/211 212/212/232 211/211/233
f 191/191/211 192/192/213 213/213/234 212/212/232
f 192/192/213 193/193/214 214/214/235 213/213/234
f 193/193/214 194/194/215 215/215/236 214/214/235
f 194/194/215 195/195/216 216/216/237 215/215/236
f 195/195/216 196/196/217 217/217/238 216/216/237
f 196/196/217 197/197/218 218/218/239 217/217/238
f 197/197/218 198/198/219 219/219/240 218/218/239
f 198/198/219 199/199/220 220/220/241 219/219/240
f 199/199/220 200/200/221 221/221/242 220/220/241
f 200/200/221 201/201/222 222/222/243 221/221/242
f 201/201/222 202/202/223 223/223/244 222/222/243
f 202/202/223 203/203/224 224/224/245 223/223/244
f 203/203/224 204/204/225 225/225/246 224/224/245
f 204/204/225 205/205/226 226/226/247 225/225/246
f 205/205/226 206/206/227 227/227/248 226/226/247
f 206/206/227 207/207/228 228/228/249 227/227/248
f 207/207/228 208/208/229 229/229/250 228/228/249
f 208/208/229 209/209/230 230/230/251 229/229/250
f 209/209/230 210/210/231 231/231/252 230/230/251
f 211/211/233 212/212/232 233/233/253 232/232/254
f 212/212/232 213/213/234 234/234/255 233/233/253
f 213/213/234 214/214/235 235/235/256 234/234/255
f 214/214/235 215/215/236 236/236/257 235/235/256
f 215/215/236 216/216/237 237/237/258 236/236/257
f 216/216/237 217/217/238 238/238/259 237/237/258
f 217/217/238 218/218/239 239/239/260 238/238/259
f 218/218/239 219/219/240 240/240/261 239/239/260
f 219/219/240 220/220/241 241/241/262 240/240/261
f 220/220/241 221/221/242 242/242/263 241/241/262
f 221/221/242 222/222/243 243/243/264 242/242/263
f 222/222/243 223/223/244 244/244/265 243/243/264
f 223/223/244 224/224/245 245/245/266 244/244/265
f 224/224/245 225/225/246 246/246/267 245/245/266
f 225/225/246 226/226/247 247/247/268 246/246/267
f 226/226/247 227/227/248 248/248/269 247/247/268
f 227/227/248 228/228/249 249/249/270 248/248/269
f 228/228/249 229/229/250 250/250/271 249/249/270
f 229/229/250 230/230/251 251/251/272 250/250/271
f 230/230/251 231/231/252 252/252/273 251/251/272
f 232/232/254 233/233/253 254/254/274 253/253/275
f 233/233/253 234/234/255 255/255/276 254/254/274
f 234/234/255 235/235/256 256/256/277 255/255/276
f 235/235/256 236/236/257 257/257/278 256/256/277
f 236/236/257 237/237/258 258/258/279 257/257/278
f 237/237/258 238/238/259 259/259/280 258/258/279
f 238/238/259 239/239/260 260/260/281 259/259/280
f 239/239/260 240/240/261 261/261/282 260/260/281
f 240/240/261 241/241/262 262/262/283 261/261/282
f 241/241/262 242/242/263 263/263/284 262/262/283
f 242/242/263 243/243/264 264/264/285 263/263/284
f 243/243/264 244/244/265 265/265/286 264/264/285
f 244/244/265 245/245/266 266/266/287 265/265/286
f 245/245/266 246/246/267 267/267/288 266/266/287
f 246/246/267 247/247/268 268/268/289 267/267/288
f 247/247/268 248/248/269 269/269/290 268/268/289
f 248/248/269 249/249/270 270/270/291 269/269/290
f 249/249/270 250/250/271 271/271/292 270/270/291
f 250/250/271 251/251/272 272/272/293 271/271/292
f 251/251/272 252/252/273 273/273/294 272/272/293
f 253/253/275 254/254/274 275/275/295 274/274/296
f 254/254/274 255/255/276 276/276/297 275/275/295
f 255/255/276 256/256/277 277/277/298 276/276/297
f 256/256/277 257/257/278 278/278/299 277/277/298
f 257/257/278 258/258/279 279/279/300 278/278/299
f 258/258/279 259/259/280 280/280/301 279/279/300
f 259/259/280 260/260/281 281/281/302 280/280/301
f 260/260/281 261/261/282 282/282/303 281/281/302
f 261/261/282 262/262/283 283/283/304 282/282/303
f 262/262/283 263/263/284 284/284/305 283/283/304
f 263/263/284 264/264/285 285/285/306 284/284/305
f 264/264/285 265/265/286 286/286/307 285/285/306
f 265/265/286 266/266/287 287/287/308 286/286/307
f 266/266/287 267/267/288 288/288/309 287/287/308
f 267/267/288 268/268/289 289/289/310 288/288/309
f 268/268/289 269/269/290 290/290/311 289/289/310
f 269/269/290 270/270/291 291/291/312 290/290/311
f 270/270/291 271/271/292 292/292/313 291/291/312
f 271/271/292 272/272/293 293/293/314 292/292/313
f 272/272/293 273/273/294 294/294/315 293/293/314
f 274/274/296 275/275/295 296/296/316 295/295/317
f 275/275/295 276/276/297 297/297/318 296/296/316
f 276/276/297 277/277/298 298/298/319 297/297/318
f 277/277/298 278/278/299 299/299/320 298/298/319
f 278/278/299 279/279/300 300/300/321 299/299/320
f 279/279/300 280/280/301 301/301/322 300/300/321
f 280/280/301 281/281/302 302/302/323 301/301/322
f 281/281/302 282/282/303 303/303/324 302/302/323
f 282/282/303 283/283/304 304/304/325 303/303/324
f 283/283/304 284/284/305 305/305/326 304/304/325
f 284/284/305 285/285/306 306/306/327 305/305/326
f 285/285/306 286/286/307 307/307/328 306/306/327
f 286/286/307 287/287/308 308/308/329 307/307/328
f 287/287/308 288/288/309 309/309/330 308/308/329
f 288/288/309 289/289/310 310/310/331 309/309/330
f 289/289/310 290/290/311 311/311/332 310/310/331
f 290/290/311 291/291/312 312/312/333 311/311/332
f 291/291/312 292/292/313 313/313/334 312/312/333
f 292/292/313 293/293/314 314/314/335 313/313/334
f 293/293/314 294/294/315 315/315/336 314/314/335
f 295/295/317 296/296/316 317/317/337 316/316/338
f 296/296/316 297/297/318 318/318/339 317/317/337
f 297/297/318 298/298/319 319/319/340 318/318/339
f 298/298/319 299/299/320 320/320/341 319/319/340
f 299/299/320 300/300/321 321/321/342 320/320/341
f 300/300/321 301/301/322 322/322/343 321/321/342
f 301/301/322 302/302/323 323/323/344 322/322/343
f 302/302/323 303/303/324 324/324/345 323/323/344
f 303/303/324 304/304/325 325/325/346 324/324/345
f 304/304/325 305/305/326 326/326/347 325/325/346
f 305/305/326 306/306/327 327/327/348 326/326/347
f 306/306/327 307/307/328 328/328/349 327/327/348
f 307/307/328 308/308/329 329/329/350 328/328/349
f 308/308/329 309/309/330 330/330/351 329/329/350
f 309/309/330 310/310/331 331/331/352 330/330/351
f 310/310/331 311/311/332 332/332/353 331/331/352
f 311/311/332 312/312/333 333/333/354 332/332/353
f 312/312/333 313/313/334 334/334/355 333/333/354
f 313/313/334 314/314/335 335/335/356 334/334/355
f 314/314/335 315/315/336 336/336/357 335/335/356
f 316/316/338 317/317/337 338/338/358 337/337/359
f 317/317/337 318/318/339 339/339/360 338/338/358
f 318/318/339 319/319/340 340/340/361 339/339/360
f 319/319/340 320/320/341 341/341/362 340/340/361
f 320/320/341 321/321/342 342/342/363 341/341/362
f 321/321/342 322/322/343 343/343/364 342/342/363
f 322/322/343 323/323/344 344/344/365 343/343/364
f 323/323/344 324/324/345 345/345/366 344/344/365
f 324/324/345 325/325/346 346/346/367 345/345/366
f 325/325/346 326/326/347 347/347/368 346/346/367
f 326/326/347 327/327/348 348/348/369 347/347/368
f 327/327/348 328/328/349 349/349/370 348/348/369
f 328/328/349 329/329/350 350/350/371 349/349/370
f 329/329/350 330/330/351 351/351/372 350/350/371
f 330/330/351 331/331/352 352/352/373 351/351/372
f 331/331/352 332/332/353 353/353/374 352/352/373
f 332/332/353 333/333/354 354/354/375 353/353/374
f 333/333/354 334/334/355 355/355/376 354/354/375
f 334/334/355 335/335/356 356/356/377 355/355/376
f 335/335/356 336/336/357 357/357/378 356/356/377
f 337/337/359 338/338/358 359/359/379 358/358/380
f 338/338/358 339/339/360 360/360/381 359/359/379
f 339/339/360 340/340/361 361/361/382 360/360/381
f 340/340/361 341/341/362 362/362/383 361/361/382
f 341/341/362 342/342/363 363/363/384 362/362/383
f 342/342/363 343/343/364 364/364/385 363/363/384
f 343/343/364 344/344/365 365/365/386 364/364/385
f 344/344/365 345/345/366 366/366/387 365/365/386
f 345/345/366 346/346/367 367/367/388 366/366/387
f 346/346/367 347/347/368 368/368/389 367/367/388
f 347/347/368 348/348/369 369/369/390 368/368/389
f 348/348/369 349/349/370 370/370/391 369/369/390
f 349/349/370 350/350/371 371/371/392 370/370/391
f 350/350/371 351/351/372 372/372/393 371/371/392
f 351/351/372 352/352/373 373/373/394 372/372/393
f 352/352/373 353/353/374 374/374/395 373/373/394
f 353/353/374 354/354/375 375/375/396 374/374/395
f 354/354/375 355/355/376 376/376/397 375/375/396
f 355/355/376 356/356/377 377/377/398 376/376/397
f 356/356/377 357/357/378 378/378/399 377/377/398
f 358/358/380 359/359/379 380/380/400 379/379/401
f 359/359/379 360/360/381 381/381/402 380/380/400
f 360/360/381 361/361/382 382/382/403 381/381/402
f 361/361/382 362/362/383 383/383/404 382/382/403
f 362/362/383 363/363/384 384/384/405 383/383/404
f 363/363/384 364/364/385 385/385/406 384/384/405
f 364/364/385 365/365/386 386/386/407 385/385/406
f 365/365/386 366/366/387 387/387/408 386/386/407
f 366/366/387 367/367/388 388/388/409 387/387/408
f 367/367/388 368/368/389 389/389/410 388/388/409
f 368/368/389 369/369/390 390/390/411 389/389/410
f 369/369/390 370/370/391 391/391/412 390/390/411
f 370/370/391 371/371/392 392/392/413 391/391/412
f 371/371/392 372/372/393 393/393/414 392/392/413
f 372/372/393 373/373/394 394/394/415 393/393/414
f 373/373/394 374/374/395 395/395/416 394/394/415
f 374/374/395 375/375/396 396/396/417 395/395/416
f 375/375/396 376/376/397 397/397/418 396/396/417
f 376/376/397 377/377/398 398/398/419 397/397/418
f 377/377/398 378/378/399 399/399/420 398/398/419
f 379/379/401 380/380/400 401/401/421 400/400/422
f 380/380/400 381/381/402 402/402/423 401/401/421
f 381/381/402 382/382/403 403/403/424 402/402/423
f 382/382/403 383/383/404 404/404/425 403/403/424
f 383/383/404 384/384/405 405/405/426 404/404/425
f 384/384/405 385/385/406 406/406/427 405/405/426
f 385/385/406 386/386/407 407/407/428 406/406/427
f 386/386/407 387/387/408 408/408/429 407/407/428
f 387/387/408 388/388/409 409/409/430 408/408/429
f 388/388/409 389/389/410 410/410/431 409/409/430
f 389/389/410 390/390/411 411/411/432 410/410/431
f 390/390/411 391/391/412 412/412/433 411/411/432
f 391/391/412 392/392/413 413/413/434 412/412/433
f 392/392/413 393/393/414 414/414/435 413/413/434
f 393/393/414 394/394/415 415/415/436 414/414/435
f 394/394/415 395/395/416 416/416/437 415/415/436
f 395/395/416 396/396/417 417/417/438 416/416/437
f 396/396/417 397/397/418 418/418/439 417/417/438
f 397/397/418 398/398/419 419/419/440 418/418/439
f 398/398/419 399/399/420 420/420/441 419/419/440
f 400/400/422 401/401/421 422/422/442 421/421/443
f 401/401/421 402/402/423 423/423/444 422/422/442
f 402/402/423 403/403/424 424/424/445 423/423/444
f 403/403/424 404/404/425 425/425/446 424/424/445
f 404/404/425 405/405/426 426/426/447 425/425/446
f 405/405/426 406/406/427 427/427/448 426/426/447
f 406/406/427 407/407/428 428/428/449 427/427/448
f 407/407/428 408/408/429 429/429/450 428/428/449
f 408/408/429 409/409/430 430/430/451 429/429/450
f 409/409/430 410/410/431 431/431/452 430/430/451
f 410/410/431 411/411/432 432/432/453 431/431/452
f 411/411/432 412/412/433 433/433/454 432/432/453
f 412/412/433 413/413/434 434/434/455 433/433/454
f 413/413/434 414/414/435 435/435/456 434/434/455
f 414/414/435 415/415/436 436/436/457 435/435/456
f 415/415/436 416/416/437 437/437/458 436/436/457
f 416/416/437 417/417/438 438/438/459 437/437/458
f 417/417/438 418/418/439 439/439/460 438/438/459
f 418/418/439 419/419/440 440/440/461 439/439/460
f 419/419/440 420/420/441 441/441/462 440/440/461
f 421/421/443 422/422/442 443/443/463 442/442/464
f 422/422/442 423/423/444 444/444/465 443/443/463
f 423/423/444 424/424/445 445/445/466 444/444/465
f 424/424/445 425/425/446 446/446/467 445/445/466
f 425/425/446 426/426/447 447/447/468 446/446/467
f 426/426/447 427/427/448 448/448/469 447/447/468
f 427/427/448 428/428/449 449/449/470 448/448/469
f 428/428/449 429/429/450 450/450/471 449/449/470
f 429/429/450 430/430/451 451/451/472 450/450/471
f 430/430/451 431/431/452 452/452/473 451/451/472
f 431/431/452 432/432/453 453/453/474 452/452/473
f 432/432/453 433/433/454 454/454/475 453/453/474
f 433/433/454 434/434/455 455/455/476 454/454/475
f 434/434/455 435/435/456 456/456/477 455/455/476
f 435/435/456 436/436/457 457/457/478 456/456/477
f 436/436/457 437/437/458 458/458/479 457/457/478
f 437/437/458 438/438/459 459/459/480 458/458/479
f 438/438/459 439/439/460 460/460/481 459/459/480
f 439/439/460 440/440/461 461/461/482 460/460/481
f 440/440/461 441/441/462 462/462/483 461/461/482
f 442/442/464 443/443/463 464/464/484 463/463/485
f 443/443/463 444/444/465 465/465/486 464/464/484
f 444/444/465 445/445/466 466/466/487 465/465/486
f 445/445/466 446/446/467 467/467/488 466/466/487
f 446/446/467 447/447/468 468/468/489 467/467/488
f 447/447/468 448/448/469 469/469/490 468/468/489
f 448/448/469 449/449/470 470/470/491 469/469/490
f 449/449/470 450/450/471 471/471/492 470/470/491
f 450/450/471 451/451/472 472/472/493 471/471/492
f 451/451/472 452/452/473 473/473/494 472/472/493
f 452/452/473 453/453/474 474/474/495 473/473/494
f 453/453/474 454/454/475 475/475/496 474/474/495
f 454/454/475 455/455/476 476/476/497 475/475/496
f 455/455/476 456/456/477 477/477/498 476/476/497
f 456/456/477 457/457/478 478/478/499 477/477/498
f 457/457/478 458/458/479 479/479/500 478/478/499
f 458/458/479 459/459/480 480/480/501 479/479/500
f 459/459/480 460/460/481 481/481/502 480/480/501
f 460/460/481 461/461/482 482/482/503 481/481/502
f 461/461/482 462/462/483 483/483/504 482/482/503
s 3
f 463/463/505 464/464/506 485/485/507 484/484/508
f 464/464/506 465/465/509 486/486/510 485/485/507
f 465/465/509 466/466/511 487/487/512 486/486/510
f 466/466/511 467/467/513 488/488/514 487/487/512
f 467/467/513 468/468/515 489/489/516 488/488/514
f 468/468/515 469/469/517 490/490/518 489/489/516
f 469/469/517 470/470/519 491/491/520 490/490/518
f 470/470/519 471/471/521 492/492/522 491/491/520
f 471/471/521 472/472/523 493/493/524 492/492/522
f 472/472/523 473/473/525 494/494/526 493/493/524
f 473/473/525 474/474/527 495/495/528 494/494/526
f 474/474/527 475/475/529 496/496/530 495/495/528
f 475/475/529 476/476/531 497/497/532 496/496/530
f 476/476/531 477/477/533 498/498/534 497/497/532
f 477/477/533 478/478/535 499/499/536 498/498/534
f 478/478/535 479/479/537 500/500/538 499/499/536
f 479/479/537 480/480/539 501/501/540 500/500/538
f 480/480/539 481/481/541 502/502/542 501/501/540
f 481/481/541 482/482/543 503/503/544 502/502/542
f 482/482/543 483/483/545 504/504/546 503/503/544
f 484/484/508 485/485/507 506/506/547 505/505/548
f 485/485/507 486/486/510 507/507/549 506/506/547
f 486/486/510 487/487/512 508/508/550 507/507/549
f 487/487/512 488/488/514 509/509/551 508/508/550
f 488/488/514 489/489/516 510/510/552 509/509/551
f 489/489/516 490/490/518 511/511/553 510/510/552
f 490/490/518 491/491/520 512/512/554 511/511/553
f 491/491/520 492/492/522 513/513/555 512/512/554
f 492/492/522 493/493/524 514/514/556 513/513/555
f 493/493/524 494/494/526 515/515/557 514/514/556
f 494/494/526 495/495/528 516/516/558 515/515/557
f 495/495/528 496/496/530 517/517/559 516/516/558
f 496/496/530 497/497/532 518/518/560 517/517/559
f 497/497/532 498/498/534 519/519/561 518/518/560
f 498/498/534 499/499/536 520/520/562 519/519/561
f 499/499/536 500/500/538 521/521/563 520/520/562
f 500/500/538 501/501/540 522/522/564 521/521/563
f 501/501/540 502/502/542 523/523/565 522/522/564
f 502/502/542 503/503/544 524/524/566 523/523/565
f 503/503/544 504/504/546 525/525/567 524/524/566
s 4
f 505/505/568 506/506/569 527/527/570 526/526/571
f 506/506/569 507/507/572 528/528/573 527/527/570
f 507/507/572 508/508/574 529/529/575 528/528/573
f 508/508/574 509/509/576 530/530/577 529/529/575
f 509/509/576 510/510/578 531/531/579 530/530/577
f 510/510/578 511/511/580 532/532/581 531/531/579
f 511/511/580 512/512/582 533/533/583 532/532/581
f 512/512/582 513/513/584 534/534/585 533/533/583
f 513/513/584 514/514/586 535/535/587 534/534/585
f 514/514/586 515/515/588 536/536/589 535/535/587
f 515/515/588 516/516/590 537/537/591 536/536/589
f 516/516/590 517/517/592 538/538/593 537/537/591
f 517/517/592 518/518/594 539/539/595 538/538/593
f 518/518/594 519/519/596 540/540/597 539/539/595
f 519/519/596 520/520/598 541/541/599 540/540/597
f 520/520/598 521/521/600 542/542/601 541/541/599
f 521/521/600 522/522/602 543/543/603 542/542/601
f 522/522/602 523/523/604 544/544/605 543/543/603
f 523/523/604 524/524/606 545/545/607 544/544/605
f 524/524/606 525/525/608 546/546/609 545/545/607
f 526/526/571 527/527/570 548/548/610 547/547/611
f 527/527/570 528/528/573 549/549/612 548/548/610
f 528/528/573 529/529/575 550/550/613 549/549/612
f 529/529/575 530/530/577 551/551/614 550/550/613
f 530/530/577 531/531/579 552/552/615 551/551/614
f 531/531/579 532/532/581 553/553/616 552/552/615
f 532/532/581 533/533/583 554/554/617 553/553/616
f 533/533/583 534/534/585 555/555/618 554/554/617
f 534/534/585 535/535/587 556/556/619 555/555/618
f 535/535/587 536/536/589 557/557/620 556/556/619
f 536/536/589 537/537/591 558/558/621 557/557/620
f 537/537/591 538/538/593 559/559/622 558/558/621
f 538/538/593 539/539/595 560/560/623 559/559/622
f 539/539/595 540/540/597 561/561/624 560/560/623
f 540/540/597 541/541/599 562/562/625 561/561/624
f 541/541/599 542/542/601 563/563/626 562/562/625
f 542/542/601 543/543/603 564/564/627 563/563/626
f 543/543/603 544/544/605 565/565/628 564/564/627
f 544/544/605 545/545/607 566/566/629 565/565/628
f 545/545/607 546/546/609 567/567/630 566/566/629
f 547/547/611 548/548/610 569/569/631 568/568/632
f 548/548/610 549/549/612 570/570/633 569/569/631
f 549/549/612 550/550/613 571/571/634 570/570/633
f 550/550/613 551/551/614 572/572/635 571/571/634
f 551/551/614 552/552/615 573/573/636 572/572/635
f 552/552/615 553/553/616 574/574/637 573/573/636
f 553/553/616 554/554/617 575/575/638 574/574/637
f 554/554/617 555/555/618 576/576/639 575/575/638
f 555/555/618 556/556/619 577/577/640 576/576/639
f 556/556/619 557/557/620 578/578/641 577/577/640
f 557/557/620 558/558/621 579/579/642 578/578/641
f 558/558/621 559/559/622 580/580/643 579/579/642
f 559/559/622 560/560/623 581/581/644 580/580/643
f 560/560/623 561/561/624 582/582/645 581/581/644
f 561/561/624 562/562/625 583/583/646 582/582/645
f 562/562/625 563/563/626 584/584/647 583/583/646
f 563/563/626 564/564/627 585/585/648 584/584/647
f 564/564/627 565/565/628 586/586/649 585/585/648
f 565/565/628 566/566/629 587/587/650 586/586/649
f 566/566/629 567/567/630 588/588/651 587/587/650
f 568/568/632 569/569/631 590/590/652 589/589/653
f 569/569/631 570/570/633 591/591/654 590/590/652
f 570/570/633 571/571/634 592/592/655 591/591/654
f 571/571/634 572/572/635 593/593/656 592/592/655
f 572/572/635 573/573/636 594/594/657 593/593/656
f 573/573/636 574/574/637 595/595/658 594/594/657
f 574/574/637 575/575/638 596/596/659 595/595/658
f 575/575/638 576/576/639 597/597/660 596/596/659
f 576/576/639 577/577/640 598/598/661 597/597/660
f 577/577/640 578/578/641 599/599/662 598/598/661
f 578/578/641 579/579/642 600/600/663 599/599/662
f 579/579/642 580/580/643 601/601/664 600/600/663
f 580/580/643 581/581/644 602/602/665 601/601/664
f 581/581/644 582/582/645 603/603/666 602/602/665
f 582/582/645 583/583/646 604/604/667 603/603/666
f 583/583/646 584/584/647 605/605/668 604/604/667
f 584/584/647 585/585/648 606/606/669 605/605/668
f 585/585/648 586/586/649 607/607/670 606/606/669
f 586/586/649 587/587/650 608/608/671 607/607/670
f 587/587/650 588/588/651 609/609/672 608/608/671
f 589/589/653 590/590/652 611/611/673 610/610/674
f 590/590/652 591/591/654 612/612/675 611/611/673
f 591/591/654 592/592/655 613/613/676 612/612/675
f 592/592/655 593/593/656 614/614/677 613/613/676
f 593/593/656 594/594/657 615/615/678 614/614/677
f 594/594/657 595/595/658 616/616/679 615/615/678
f 595/595/658 596/596/659 617/617/680 616/616/679
f 596/596/659 597/597/660 618/618/681 617/617/680
f 597/597/660 598/598/661 619/619/682 618/618/681
f 598/598/661 599/599/662 620/620/683 619/619/682
f 599/599/662 600/600/663 621/621/684 620/620/683
f 600/600/663 601/601/664 622/622/685 621/621/684
f 601/601/664 602/602/665 623/623/686 622/622/685
f 602/602/665 603/603/666 624/624/687 623/623/686
f 603/603/666 604/604/667 625/625/688 624/624/687
f 604/604/667 605/605/668 626/626/689 625/625/688
f 605/605/668 606/606/669 627/627/690 626/626/689
f 606/606/669 607/607/670 628/628/691 627/627/690
f 607/607/670 608/608/671 629/629/692 628/628/691
f 608/608/671 609/609/672 630/630/693 629/629/692
f 610/610/674 611/611/673 632/632/694 631/631/695
f 611/611/673 612/612/675 633/633/696 632/632/694
f 612/612/675 613/613/676 634/634/697 633/633/696
f 613/613/676 614/614/677 635/635/698 634/634/697
f 614/614/677 615/615/678 636/636/699 635/635/698
f 615/615/678 616/616/679 637/637/700 636/636/699
f 616/616/679 617/617/680 638/638/701 637/637/700
f 617/617/680 618/618/681 639/639/702 638/638/701
f 618/618/681 619/619/682 640/640/703 639/639/702
f 619/619/682 620/620/683 641/641/704 640/640/703
f 620/620/683 621/621/684 642/642/705 641/641/704
f 621/621/684 622/622/685 643/643/706 642/642/705
f 622/622/685 623/623/686 644/644/707 643/643/706
f 623/623/686 624/624/687 645/645/708 644/644/707
f 624/624/687 625/625/688 646/646/709 645/645/708
f 625/625/688 626/626/689 647/647/710 646/646/709
f 626/626/689 627/627/690 648/648/711 647/647/710
f 627/627/690 628/628/691 649/649/712 648/648/711
f 628/628/691 629/629/692 650/650/713 649/649/712
f 629/629/692 630/630/693 651/651/714 650/650/713
f 631/631/695 632/632/694 653/653/715 652/652/716
f 632/632/694 633/633/696 654/654/717 653/653/715
f 633/633/696 634/634/697 655/655/718 654/654/717
f 634/634/697 635/635/698 656/656/719 655/655/718
f 635/635/698 636/636/699 657/657/720 656/656/719
f 636/636/699 637/637/700 658/658/721 657/657/720
f 637/637/700 638/638/701 659/659/722 658/658/721
f 638/638/701 639/639/702 660/660/723 659/659/722
f 639/639/702 640/640/703 661/661/724 660/660/723
f 640/640/703 641/641/704 662/662/725 661/661/724
f 641/641/704 642/642/705 663/663/726 662/662/725
f 642/642/705 643/643/706 664/664/727 663/663/726
f 643/643/706 644/644/707 665/665/728 664/664/727
f 644/644/707 645/645/708 666/666/729 665/665/728
f 645/645/708 646/646/709 667/667/730 666/666/729
f 646/646/709 647/647/710 668/668/731 667/667/730
f 647/647/710 648/648/711 669/669/732 668/668/731
f 648/648/711 649/649/712 670/670/733 669/669/732
f 649/649/712 650/650/713 671/671/734 670/670/733
f 650/650/713 651/651/714 672/672/735 671/671/734
f 652/652/716 653/653/715 674/674/736 673/673/737
f 653/653/715 654/654/717 675/675/738 674/674/736
f 654/654/717 655/655/718 676/676/739 675/675/738
f 655/655/718 656/656/719 677/677/740 676/676/739
f 656/656/719 657/657/720 678/678/741 677/677/740
f 657/657/720 658/658/721 679/679/742 678/678/741
f 658/658/721 659/659/722 680/680/743 679/679/742
f 659/659/722 660/660/723 681/681/744 680/680/743
f 660/660/723 661/661/724 682/682/745 681/681/744
f 661/661/724 662/662/725 683/683/746 682/682/745
f 662/662/725 663/663/726 684/684/747 683/683/746
f 663/663/726 664/664/727 685/685/748 684/684/747
f 664/664/727 665/665/728 686/686/749 685/685/748
f 665/665/728 666/666/729 687/687/750 686/686/749
f 666/666/729 667/667/730 688/688/751 687/687/750
f 667/667/730 668/668/731 689/689/752 688/688/751
f 668/668/731 669/669/732 690/690/753 689/689/752
f 669/669/732 670/670/733 691/691/754 690/690/753
f 670/670/733 671/671/734 692/692/755 691/691/754
f 671/671/734 672/672/735 693/693/756 692/692/755
f 673/673/737 674/674/736 695/695/757 694/694/758
f 674/674/736 675/675/738 696/696/759 695/695/757
f 675/675/738 676/676/739 697/697/760 696/696/759
f 676/676/739 677/677/740 698/698/761 697/697/760
f 677/677/740 678/678/741 699/699/762 698/698/761
f 678/678/741 679/679/742 700/700/763 699/699/762
f 679/679/742 680/680/743 701/701/764 700/700/763
f 680/680/743 681/681/744 702/702/765 701/701/764
f 681/681/744 682/682/745 703/703/766 702/702/765
f 682/682/745 683/683/746 704/704/767 703/703/766
f 683/683/746 684/684/747 705/705/768 704/704/767
f 684/684/747 685/685/748 706/706/769 705/705/768
f 685/685/748 686/686/749 707/707/770 706/706/769
f 686/686/749 687/687/750 708/708/771 707/707/770
f 687/687/750 688/688/751 709/709/772 708/708/771
f 688/688/751 689/689/752 710/710/773 709/709/772
f 689/689/752 690/690/753 711/711/774 710/710/773
f 690/690/753 691/691/754 712/712/775 711/711/774
f 691/691/754 692/692/755 713/713/776 712/712/775
f 692/692/755 693/693/756 714/714/777 713/713/776
f 694/694/758 695/695/757 716/716/778 715/715/779
f 695/695/757 696/696/759 717/717/780 716/716/778
f 696/696/759 697/697/760 718/718/781 717/717/780
f 697/697/760 698/698/761 719/719/782 718/718/781
f 698/698/761 699/699/762 720/720/783 719/719/782
f 699/699/762 700/700/763 721/721/784 720/720/783
f 700/700/763 701/701/764 722/722/785 721/721/784
f 701/701/764 702/702/765 723/723/786 722/722/785
f 702/702/765 703/703/766 724/724/787 723/723/786
f 703/703/766 704/704/767 725/725/788 724/724/787
f 704/704/767 705/705/768 726/726/789 725/725/788
f 705/705/768 706/706/769 727/727/790 726/726/789
f 706/706/769 707/707/770 728/728/791 727/727/790
f 707/707/770 708/708/771 729/729/792 728/728/791
f 708/708/771 709/709/772 730/730/793 729/729/792
f 709/709/772 710/710/773 731/731/794 730/730/793
f 710/710/773 711/711/774 732/732/795 731/731/794
f 711/711/774 712/712/775 733/733/796 732/732/795
f 712/712/775 713/713/776 734/734/797 733/733/796
f 713/713/776 714/714/777 735/735/798 734/734/797
f 715/715/779 716/716/778 737/737/799 736/736/800
f 716/716/778 717/717/780 738/738/801 737/737/799
f 717/717/780 718/718/781 739/739/802 738/738/801
f 718/718/781 719/719/782 740/740/803 739/739/802
f 719/719/782 720/720/783 741/741/804 740/740/803
f 720/720/783 721/721/784 742/742/805 741/741/804
f 721/721/784 722/722/785 743/743/806 742/742/805
f 722/722/785 723/723/786 744/744/807 743/743/806
f 723/723/786 724/724/787 745/745/808 744/744/807
f 724/724/787 725/725/788 746/746/809 745/745/808
f 725/725/788 726/726/789 747/747/810 746/746/809
f 726/726/789 727/727/790 748/748/811 747/747/810
f 727/727/790 728/728/791 749/749/812 748/748/811
f 728/728/791 729/729/792 750/750/813 749/749/812
f 729/729/792 730/730/793 751/751/814 750/750/813
f 730/730/793 731/731/794 752/752/815 751/751/814
f 731/731/794 732/732/795 753/753/816 752/752/815
f 732/732/795 733/733/796 754/754/817 753/753/816
f 733/733/796 734/734/797 755/755/818 754/754/817
f 734/734/797 735/735/798 756/756/819 755/755/818
f 736/736/800 737/737/799 758/758/820 757/757/821
f 737/737/799 738/738/801 759/759/822 758/758/820
f 738/738/801 739/739/802 760/760/823 759/759/822
f 739/739/802 740/740/803 761/761/824 760/760/823
f 740/740/803 741/741/804 762/762/825 761/761/824
f 741/741/804 742/742/805 763/763/826 762/762/825
f 742/742/805 743/743/806 764/764/827 763/763/826
f 743/743/806 744/744/807 765/765/828 764/764/827
f 744/744/807 745/745/808 766/766/829 765/765/828
f 745/745/808 746/746/809 767/767/830 766/766/829
f 746/746/809 747/747/810 768/768/831 767/767/830
f 747/747/810 748/748/811 769/769/832 768/768/831
f 748/748/811 749/749/812 770/770/833 769/769/832
f 749/749/812 750/750/813 771/771/834 770/770/833
f 750/750/813 751/751/814 772/772/835 771/771/834
f 751/751/814 752/752/815 773/773/836 772/772/835
f 752/752/815 753/753/816 774/774/837 773/773/836
f 753/753/816 754/754/817 775/775/838 774/774/837
f 754/754/817 755/755/818 776/776/839 775/775/838
f 755/755/818 756/756/819 777/777/840 776/776/839
f 757/757/821 758/758/820 779/779/841 778/778/842
f 758/758/820 759/759/822 780/780/843 779/779/841
f 759/759/822 760/760/823 781/781/844 780/780/843
f 760/760/823 761/761/824 782/782/845 781/781/844
f 761/761/824 762/762/825 783/783/846 782/782/845
f 762/762/825 763/763/826 784/784/847 783/783/846
f 763/763/826 764/764/827 785/785/848 784/784/847
f 764/764/827 765/765/828 786/786/849 785/785/848
f 765/765/828 766/766/829 787/787/850 786/786/849
f 766/766/829 767/767/830 788/788/851 787/787/850
f 767/767/830 768/768/831 789/789/852 788/788/851
f 768/768/831 769/769/832 790/790/853 789/789/852
f 769/769/832 770/770/833 791/791/854 790/790/853
f 770/770/833 771/771/834 792/792/855 791/791/854
f 771/771/834 772/772/835 793/793/856 792/792/855
f 772/772/835 773/773/836 794/794/857 793/793/856
f 773/773/836 774/774/837 795/795/858 794/794/857
f 774/774/837 775/775/838 796/796/859 795/795/858
f 775/775/838 776/776/839 797/797/860 796/796/859
f 776/776/839 777/777/840 798/798/861 797/797/860
f 778/778/842 779/779/841 800/800/862 799/799/863
f 779/779/841 780/780/843 801/801/864 800/800/862
f 780/780/843 781/781/844 802/802/865 801/801/864
f 781/781/844 782/782/845 803/803/866 802/802/865
f 782/782/845 783/783/846 804/804/867 803/803/866
f 783/783/846 784/784/847 805/805/868 804/804/867
f 784/784/847 785/785/848 806/806/869 805/805/868
f 785/785/848 786/786/849 807/807/870 806/806/869
f 786/786/849 787/787/850 808/808/871 807/807/870
f 787/787/850 788/788/851 809/809/872 808/808/871
f 788/788/851 789/789/852 810/810/873 809/809/872
f 789/789/852 790/790/853 811/811/874 810/810/873
f 790/790/853 791/791/854 812/812/875 811/811/874
f 791/791/854 792/792/855 813/813/876 812/812/875
f 792/792/855 793/793/856 814/814/877 813/813/876
f 793/793/856 794/794/857 815/815/878 814/814/877
f 794/794/857 795/795/858 816/816/879 815/815/878
f 795/795/858 796/796/859 817/817/880 816/816/879
f 796/796/859 797/797/860 818/818/881 817/817/880
f 797/797/860 798/798/861 819/819/882 818/818/881
f 799/799/863 800/800/862 821/821/883 820/820/884
f 800/800/862 801/801/864 822/822/885 821/821/883
f 801/801/864 802/802/865 823/823/886 822/822/885
f 802/802/865 803/803/866 824/824/887 823/823/886
f 803/803/866 804/804/867 825/825/888 824/824/887
f 804/804/867 805/805/868 826/826/889 825/825/888
f 805/805/868 806/806/869 827/827/890 826/826/889
f 806/806/869 807/807/870 828/828/891 827/827/890
f 807/807/870 808/808/871 829/829/892 828/828/891
f 808/808/871 809/809/872 830/830/893 829/829/892
f 809/809/872 810/810/873 831/831/894 830/830/893
f 810/810/873 811/811/874 832/832/895 831/831/894
f 811/811/874 812/812/875 833/833/896 832/832/895
f 812/812/875 813/813/876 834/834/897 833/833/896
f 813/813/876 814/814/877 835/835/898 834/834/897
f 814/814/877 815/815/878 836/836/899 835/835/898
f 815/815/878 816/816/879 837/837/900 836/836/899
f 816/816/879 817/817/880 838/838/901 837/837/900
f 817/817/880 818/818/881 839/839/902 838/838/901
f 818/818/881 819/819/882 840/840/903 839/839/902
f 820/820/884 821/821/883 842/842/904 841/841/905
f 821/821/883 822/822/885 843/843/906 842/842/904
f 822/822/885 823/823/886 844/844/907 843/843/906
f 823/823/886 824/824/887 845/845/908 844/844/907
f 824/824/887 825/825/888 846/846/909 845/845/908
f 825/825/888 826/826/889 847/847/910 846/846/909
f 826/826/889 827/827/890 848/848/911 847/847/910
f 827/827/890 828/828/891 849/849/912 848/848/911
f 828/828/891 829/829/892 850/850/913 849/849/912
f 829/829/892 830/830/893 851/851/914 850/850/913
f 830/830/893 831/831/894 852/852/915 851/851/914
f 831/831/894 832/832/895 853/853/916 852/852/915
f 832/832/895 833/833/896 854/854/917 853/853/916
f 833/833/896 834/834/897 855/855/918 854/854/917
f 834/834/897 835/835/898 856/856/919 855/855/918
f 835/835/898 836/836/899 857/857/920 856/856/919
f 836/836/899 837/837/900 858/858/921 857/857/920
f 837/837/900 838/838/901 859/859/922 858/858/921
f 838/838/901 839/839/902 860/860/923 859/859/922
f 839/839/902 840/840/903 861/861/924 860/860/923
f 841/841/905 842/842/904 863/863/925 862/862/926
f 842/842/904 843/843/906 864/864/927 863/863/925
f 843/843/906 844/844/907 865/865/928 864/864/927
f 844/844/907 845/845/908 866/866/929 865/865/928
f 845/845/908 846/846/909 867/867/930 866/866/929
f 846/846/909 847/847/910 868/868/931 867/867/930
f 847/847/910 848/848/911 869/869/932 868/868/931
f 848/848/911 849/849/912 870/870/933 869/869/932
f 849/849/912 850/850/913 871/871/934 870/870/933
f 850/850/913 851/851/914 872/872/935 871/871/934
f 851/851/914 852/852/915 873/873/936 872/872/935
f 852/852/915 853/853/916 874/874/937 873/873/936
f 853/853/916 854/854/917 875/875/938 874/874/937
f 854/854/917 855/855/918 876/876/939 875/875/938
f 855/855/918 856/856/919 877/877/940 876/876/939
f 856/856/919 857/857/920 878/878/941 877/877/940
f 857/857/920 858/858/921 879/879/942 878/878/941
f 858/858/921 859/859/922 880/880/943 879/879/942
f 859/859/922 860/860/923 881/881/944 880/880/943
f 860/860/923 861/861/924 882/882/945 881/881/944
f 862/862/926 863/863/925 884/884/946 883/883/947
f 863/863/925 864/864/927 885/885/948 884/884/946
f 864/864/927 865/865/928 886/886/949 885/885/948
f 865/865/928 866/866/929 887/887/950 886/886/949
f 866/866/929 867/867/930 888/888/951 887/887/950
f 867/867/930 868/868/931 889/889/952 888/888/951
f 868/868/931 869/869/932 890/890/953 889/889/952
f 869/869/932 870/870/933 891/891/954 890/890/953
f 870/870/933 871/871/934 892/892/955 891/891/954
f 871/871/934 872/872/935 893/893/956 892/892/955
f 872/872/935 873/873/936 894/894/957 893/893/956
f 873/873/936 874/874/937 895/895/958 894/894/957
f 874/874/937 875/875/938 896/896/959 895/895/958
f 875/875/938 876/876/939 897/897/960 896/896/959
f 876/876/939 877/877/940 898/898/961 897/897/960
f 877/877/940 878/878/941 899/899/962 898/898/961
f 878/878/941 879/879/942 900/900/963 899/899/962
f 879/879/942 880/880/943 901/901/964 900/900/963
f 880/880/943 881/881/944 902/902/965 901/901/964
f 881/881/944 882/882/945 903/903/966 902/902/965
f 883/883/947 884/884/946 905/905/967 904/904/968
f 884/884/946 885/885/948 906/906/969 905/905/967
f 885/885/948 886/886/949 907/907/970 906/906/969
f 886/886/949 887/887/950 908/908/971 907/907/970
f 887/887/950 888/888/951 909/909/972 908/908/971
f 888/888/951 889/889/952 910/910/973 909/909/972
f 889/889/952 890/890/953 911/911/974 910/910/973
f 890/890/953 891/891/954 912/912/975 911/911/974
f 891/891/954 892/892/955 913/913/976 912/912/975
f 892/892/955 893/893/956 914/914/977 913/913/976
f 893/893/956 894/894/957 915/915/978 914/914/977
f 894/894/957 895/895/958 916/916/979 915/915/978
f 895/895/958 896/896/959 917/917/980 916/916/979
f 896/896/959 897/897/960 918/918/981 917/917/980
f 897/897/960 898/898/961 919/919/982 918/918/981
f 898/898/961 899/899/962 920/920/983 919/919/982
f 899/899/962 900/900/963 921/921/984 920/920/983
f 900/900/963 901/901/964 922/922/985 921/921/984
f 901/901/964 902/902/965 923/923/986 922/922/985
f 902/902/965 903/903/966 924/924/987 923/923/986
f 904/904/968 905/905/967 2/926/988 1/925/989
f 905/905/967 906/906/969 3/927/990 2/926/988
f 906/906/969 907/907/970 4/928/991 3/927/990
f 907/907/970 908/908/971 5/929/992 4/928/991
f 908/908/971 909/909/972 6/930/993 5/929/992
f 909/909/972 910/910/973 7/931/994 6/930/993
f 910/910/973 911/911/974 8/932/995 7/931/994
f 911/911/974 912/912/975 9/933/996 8/932/995
f 912/912/975 913/913/976 10/934/997 9/933/996
f 913/913/976 914/914/977 11/935/998 10/934/997
f 914/914/977 915/915/978 12/936/999 11/935/998
f 915/915/978 916/916/979 13/937/1000 12/936/999
f 916/916/979 917/917/980 14/938/1001 13/937/1000
f 917/917/980 918/918/981 15/939/1002 14/938/1001
f 918/918/981 919/919/982 16/940/1003 15/939/1002
f 919/919/982 920/920/983 17/941/1004 16/940/1003
f 920/920/983 921/921/984 18/942/1005 17/941/1004
f 921/921/984 922/922/985 19/943/1006 18/942/1005
f 922/922/985 923/923/986 20/944/1007 19/943/1006
f 923/923/986 924/924/987 21/945/1008 20/944/1007
s 5
f 546/947/1009 525/946/1010 504/966/1011 925/967/1012
f 567/948/1013 546/947/1009 925/967/1012 926/968/1014
f 588/949/1015 567/948/1013 926/968/1014 927/969/1016
f 609/950/1017 588/949/1015 927/969/1016 928/970/1018
f 630/951/1019 609/950/1017 928/970/1018 929/971/1020
f 651/952/1021 630/951/1019 929/971/1020 930/972/1022
f 672/953/1023 651/952/1021 930/972/1022 931/973/1024
f 693/954/1025 672/953/1023 931/973/1024 932/974/1026
f 714/955/1027 693/954/1025 932/974/1026 933/975/1028
f 735/956/1029 714/955/1027 933/975/1028 934/976/1030
f 756/957/1031 735/956/1029 934/976/1030 935/977/1032
f 777/958/1033 756/957/1031 935/977/1032 936/978/1034
f 798/959/1035 777/958/1033 936/978/1034 937/979/1036
f 819/960/1037 798/959/1035 937/979/1036 938/980/1038
f 840/961/1039 819/960/1037 938/980/1038 939/981/1040
f 861/962/1041 840/961/1039 939/981/1040 940/982/1042
f 882/963/1043 861/962/1041 940/982/1042 941/983/1044
f 903/964/1045 882/963/1043 941/983/1044 942/984/1046
f 924/965/1047 903/964/1045 942/984/1046 943/985/1048
f 21/21/1049 924/965/1047 943/985/1048 42/42/1050
f 925/967/1012 504/966/1011 483/986/1051 462/987/1052
f 926/968/1014 925/967/1012 462/987/1052 441/988/1053
f 927/969/1016 926/968/1014 441/988/1053 420/989/1054
f 928/970/1018 927/969/1016 420/989/1054 399/990/1055
f 929/971/1020 928/970/1018 399/990/1055 378/991/1056
f 930/972/1022 929/971/1020 378/991/1056 357/992/1057
f 931/973/1024 930/972/1022 357/992/1057 336/993/1058
f 932/974/1026 931/973/1024 336/993/1058 315/994/1059
f 933/975/1028 932/974/1026 315/994/1059 294/995/1060
f 934/976/1030 933/975/1028 294/995/1060 273/996/1061
f 935/977/1032 934/976/1030 273/996/1061 252/997/1062
f 936/978/1034 935/977/1032 252/997/1062 231/998/1063
f 937/979/1036 936/978/1034 231/998/1063 210/999/1064
f 938/980/1038 937/979/1036 210/999/1064 189/1000/1065
f 939/981/1040 938/980/1038 189/1000/1065 168/1001/1066
f 940/982/1042 939/981/1040 168/1001/1066 147/1002/1067
f 941/983/1044 940/982/1042 147/1002/1067 126/1003/1068
f 942/984/1046 941/983/1044 126/1003/1068 105/1004/1069
f 943/985/1048 942/984/1046 105/1004/1069 84/1005/1070
f 42/42/1050 943/985/1048 84/1005/1070 63/63/1071
s 6
f 505/1006/1072 526/1007/1073 944/1027/1074 484/1026/1075
f 526/1007/1073 547/1008/1076 945/1028/1077 944/1027/1074
f 547/1008/1076 568/1009/1078 946/1029/1079 945/1028/1077
f 568/1009/1078 589/1010/1080 947/1030/1081 946/1029/1079
f 589/1010/1080 610/1011/1082 948/1031/1083 947/1030/1081
f 610/1011/1082 631/1012/1084 949/1032/1085 948/1031/1083
f 631/1012/1084 652/1013/1086 950/1033/1087 949/1032/1085
f 652/1013/1086 673/1014/1088 951/1034/1089 950/1033/1087
f 673/1014/1088 694/1015/1090 952/1035/1091 951/1034/1089
f 694/1015/1090 715/1016/1092 953/1036/1093 952/1035/1091
f 715/1016/1092 736/1017/1094 954/1037/1095 953/1036/1093
f 736/1017/1094 757/1018/1096 955/1038/1097 954/1037/1095
f 757/1018/1096 778/1019/1098 956/1039/1099 955/1038/1097
f 778/1019/1098 799/1020/1100 957/1040/1101 956/1039/1099
f 799/1020/1100 820/1021/1102 958/1041/1103 957/1040/1101
f 820/1021/1102 841/1022/1104 959/1042/1105 958/1041/1103
f 841/1022/1104 862/1023/1106 960/1043/1107 959/1042/1105
f 862/1023/1106 883/1024/1108 961/1044/1109 960/1043/1107
f 883/1024/1108 904/1025/1110 962/1045/1111 961/1044/1109
f 904/1025/1110 1/1/1112 22/22/1113 962/1045/1111
f 484/1026/1075 944/1027/1074 442/1047/1114 463/1046/1115
f 944/1027/1074 945/1028/1077 421/1048/1116 442/1047/1114
f 945/1028/1077 946/1029/1079 400/1049/1117 421/1048/1116
f 946/1029/1079 947/1030/1081 379/1050/1118 400/1049/1117
f 947/1030/1081 948/1031/1083 358/1051/1119 379/1050/1118
f 948/1031/1083 949/1032/1085 337/1052/1120 358/1051/1119
f 949/1032/1085 950/1033/1087 316/1053/1121 337/1052/1120
f 950/1033/1087 951/1034/1089 295/1054/1122 316/1053/1121
f 951/1034/1089 952/1035/1091 274/1055/1123 295/1054/1122
f 952/1035/1091 953/1036/1093 253/1056/1124 274/1055/1123
f 953/1036/1093 954/1037/1095 232/1057/1125 253/1056/1124
f 954/1037/1095 955/1038/1097 211/1058/1126 232/1057/1125
f 955/1038/1097 956/1039/1099 190/1059/1127 211/1058/1126
f 956/1039/1099 957/1040/1101 169/1060/1128 190/1059/1127
f 957/1040/1101 958/1041/1103 148/1061/1129 169/1060/1128
f 958/1041/1103 959/1042/1105 127/1062/1130 148/1061/1129
f 959/1042/1105 960/1043/1107 106/1063/1131 127/1062/1130
f 960/1043/1107 961/1044/1109 85/1064/1132 106/1063/1131
f 961/1044/1109 962/1045/1111 64/1065/1133 85/1064/1132
f 962/1045/1111 22/22/1113 43/43/1134 64/1065/1133
